rowkey,id,name,gender,address,first_visit
780888,16879,"Dena Lambert","MALE","9621 Iron Harbor Vista","06/23/2013"
756829,13031,"Gary Ortega","FEMALE","78546 Tawny Spring Farms","07/27/2013"
741122,16448,"Debra Diaz","FEMALE","25702 Long Diamond Estates","06/07/2013"
774210,12809,"Loretta Cartee","FEMALE","10068 Red Axe Wander","04/26/2013"
742083,19076,"Glenda Payton","MALE","14572 Quiet Diamond Way","07/01/2013"
723623,12289,"Michael Wolf","FEMALE","8131 Indian Robin Knoll","06/22/2013"
735866,12829,"Jacquelyn Ford","FEMALE","7820 Red Prairie Path","03/24/2011"
773290,19768,"Joseph Larson","FEMALE","81108 Twin Goose Avenue","12/29/2012"
733924,19746,"Anthony Karn","FEMALE","32323 Misty Pine Stead","03/05/2013"
738458,16856,"Doreen Wojcik","MALE","46779 Broad Nectar Round","07/24/2013"
745209,19740,"William Mckinney","MALE","741 Blue Creek Glade","07/27/2013"
757633,10426,"Ruth Freeman","MALE","7613 Cotton Spring Circle","06/11/2013"
701129,17031,"Judy Cansler","MALE","33354 Calm Dove Bend","07/21/2013"
721331,19524,"Lena Bianchi","FEMALE","461 Quaint Goose Vale","05/10/2013"
725108,13319,"John Levin","FEMALE","47935 Dewy Shadow Vista","07/15/2013"
749019,19068,"Cora Stewart","MALE","9375 Hazy Beacon Isle","03/24/2013"
774387,14820,"Jason Nevels","MALE","1284 Pleasant Castle Stead","03/20/2013"
774921,15604,"Earnestine Mcnair","MALE","88254 Foggy Beaver Orchard","11/25/2012"
786515,18849,"Wayne Waters","MALE","11898 Blue Snake Race","07/25/2013"
711433,19668,"Charles Davis","FEMALE","24575 Grand Anchor Haven","05/22/2013"
760577,10750,"Lisa Wilcox","FEMALE","12497 Lost Goose Grove","07/30/2013"
763280,11162,"Gary Culbertson","FEMALE","54868 Birch Fawn Ridge","06/09/2013"
772525,13888,"Brenda Dietrich","MALE","3265 Old Fawn Edge","05/30/2013"
795403,10783,"Herbert Martines","FEMALE","63866 Quiet Butterfly Orchard","05/18/2013"
728105,12313,"Lynn Bruner","FEMALE","17797 Golden Butternut Bank","03/14/2013"
758552,12474,"Richard Natale","MALE","3529 Misty Branch Grove","02/05/2013"
756943,18824,"Shemeka Edwards","MALE","7153 Quaking Nut Trek","06/24/2013"
734179,17200,"Nancy Taylor","FEMALE","73242 Lost Hickory Bank","04/06/2013"
709861,14970,"Trevor Borba","FEMALE","76781 Heather Pine Corner","05/20/2013"
785546,12822,"Wayne Toms","MALE","8475 Gentle Brook Vista","06/27/2013"
770998,16004,"Carlton Rives","MALE","5002 Crystal Zephyr Valley","12/15/2012"
766827,18628,"Damon Lalonde","FEMALE","50179 Small Rock Quay","12/17/2012"
787943,19516,"Nathalie Spates","MALE","4735 Pied Oak Villa","04/12/2013"
751235,17639,"Paul Gilman","MALE","64116 Lone Beacon Haven","05/24/2013"
739122,17319,"Thomas Cheek","MALE","42332 Heather Log Gate","08/30/2012"
789808,17861,"Edward Spooner","FEMALE","38704 Sleepy Quail Circle","04/30/2013"
736138,14694,"Peter Carden","MALE","99223 Hazy Beacon Stead","07/30/2013"
767028,17412,"Neil Wheeler","FEMALE","14069 Turning Pebble Dale","04/07/2013"
706742,11276,"Thomas Whitehead","MALE","68968 Cold Zephyr Meadow","05/29/2013"
701830,19893,"Sherri Bartley","FEMALE","15549 Bent Harbor Point","04/19/2012"
737530,18575,"Kyle Jackson","FEMALE","15144 Lost Horse Pike","09/17/2012"
743901,11282,"Deanna Bernard","FEMALE","88825 Clear Horse Circle","03/11/2013"
764188,16930,"Debra Brown","FEMALE","70180 High Blossom Hollow","07/10/2013"
778221,18470,"Phillip Cain","MALE","59004 Cinder Goat Quay","06/14/2013"
742666,15096,"Sarah Farrar","MALE","59802 Amber Lamb Wander","01/16/2013"
702589,15383,"Ruth Schwartz","MALE","9601 Cool Dove Knoll","07/04/2013"
725632,11823,"Camille Jordan","OTHER","7754 Pearl River Summit","05/20/2013"
753755,12262,"Melinda Carter","FEMALE","89289 Hazy Bridge Highlands","06/28/2013"
713769,12635,"Stefanie Canfield","MALE","444 Hazy Creek Grove","06/15/2013"
732833,12606,"Edward Moore","FEMALE","21486 Small Acorn Hollow","07/29/2013"
730382,13295,"Georgia Carter","MALE","8996 Thunder Cottage Circle","06/15/2013"
704590,13406,"Ruth Longmire","MALE","58774 Blue River View","12/09/2012"
714864,18628,"Claude Velazquez","FEMALE","88353 Shady Shadow Orchard","05/06/2013"
767453,18032,"Homer Williams","MALE","9763 Quaking Spring Nook","05/16/2013"
776838,13053,"Rodney Fuller","FEMALE","67111 Honey Creek Ridge","02/04/2013"
767088,13691,"Carol Martinez","MALE","29032 Golden Nut Haven","02/04/2012"
793759,18410,"James Newberry","FEMALE","85419 Rocky Fox Alcove","01/13/2013"
757447,16404,"Willie Thorpe","FEMALE","21802 Rocky Diamond Way","07/29/2013"
726903,14540,"Joseph Reyes","MALE","126 Cinder Pioneer Chase","06/27/2013"
732894,17694,"Janet Hall","MALE","77792 Dusty Fawn Gate","04/28/2013"
718975,18473,"Leroy White","MALE","16300 Emerald Turtle Round","04/04/2013"
731019,19933,"Kyle Ours","FEMALE","56437 Broad Dale Edge","07/22/2013"
792674,18207,"Bobby Parson","FEMALE","2726 Lazy Hickory Street","11/22/2012"
703138,12422,"Donald Morrow","FEMALE","7029 Quaking Creek Street","07/10/2013"
798072,15925,"Elizabeth Mcphee","MALE","260 Indian Pioneer Bend","04/29/2013"
709786,10002,"Ronald Shelton","FEMALE","16262 Thunder Creek Circle","04/24/2013"
782113,17213,"Anthony Ramirez","MALE","31306 Iron Elm Rove","05/28/2013"
707445,10216,"Phillip Henke","MALE","31440 Rocky View Gate","07/04/2013"
771030,19899,"Elwood Sanford","MALE","97992 Rocky Barn Glen","07/22/2013"
767243,14670,"Leon Sloan","FEMALE","21516 Red Holly Mews","07/28/2013"
791731,12971,"Thomas Brown","MALE","74763 Cinder Pony Bend","06/20/2013"
738535,14773,"Roy Armstrong","MALE","45125 Indian Berry Pace","04/07/2013"
781852,11211,"Nancy Duffy","MALE","79773 Sandy Cloud Bank","07/31/2013"
767286,17042,"Raymond Lin","FEMALE","82166 Harvest Oak Woods","04/28/2013"
751376,12146,"Micheal Johnson","FEMALE","76788 Quaint Goat Heights","10/16/2012"
764219,12248,"Tyrone Evans","FEMALE","85099 Jagged Shadow Ramble","07/19/2013"
736488,11761,"Irene Gross","FEMALE","46231 Strong Nectar Grove","05/23/2013"
717711,12646,"Robert Goodman","FEMALE","39519 Tawny Crow Flats","04/26/2013"
720800,14620,"Erik Russell","FEMALE","46450 Turning Fox Heights","09/07/2012"
730634,17386,"Betty Stewart","MALE","52943 Hidden Willow Round","12/21/2012"
760492,19190,"Lura Canton","FEMALE","11800 Golden Apple Glen","11/04/2012"
746263,13193,"Brian Ramsey","FEMALE","604 Round Leaf Field","07/29/2013"
707494,15994,"Bill Pryor","MALE","8968 Broad Lake Swale","06/29/2013"
783646,15870,"Mellisa Lebeau","MALE","78834 Gentle Grove Round","07/11/2013"
775324,15608,"Marcus Brown","FEMALE","9906 Lonely Timber Ramble","03/05/2013"
726057,16729,"Carolyn Gable","MALE","296 Silent Zephyr Shoal","07/19/2013"
707692,10955,"Mamie Lockhart","MALE","1789 Pleasant Leaf Bank","06/28/2013"
796290,12982,"Donna Dobson","FEMALE","63547 Quaint Dove Terrace","06/08/2013"
769617,18739,"Teri Perez","FEMALE","3110 Still Chestnut Nook","07/27/2013"
750663,19447,"Robert Cooper","MALE","55265 Silver Pond Glade","07/26/2013"
761041,19923,"Sherry Landau","MALE","31145 Big Acorn Manor","04/29/2013"
742234,11759,"Jason Esposito","FEMALE","32 Crimson Holly Stroll","04/16/2013"
789155,14296,"Eugenio Higginbotham","MALE","54201 Merry Autumn Landing","12/20/2012"
723509,18849,"Aaron Richardson","MALE","652 Rough Horse Corner","11/16/2012"
792796,10256,"Nereida Ochoa","MALE","2993 Lone Gate Isle","07/09/2012"
729734,16047,"Scott Copeland","FEMALE","53796 Burning Pony Lagoon","04/16/2013"
713775,11518,"Ray Harvey","MALE","51034 Cotton Deer Woods","06/02/2013"
723572,18769,"Mary Schmidt","FEMALE","12632 Shady Sky Niche","04/01/2013"
777193,14620,"Everett May","MALE","75965 Broad Beacon Alcove","06/06/2013"
772906,15093,"Ed Wilfong","MALE","38194 Bent Stone Road","07/29/2013"
794320,10558,"Jason Coley","FEMALE","77498 Heather Castle Rove","07/08/2013"
776114,12379,"Beverly Hansley","OTHER","38536 Auburn Turtle Cut","07/01/2013"
787507,12162,"Doug Starnes","FEMALE","316 Thunder Butterfly Place","07/19/2013"
780953,16164,"Loraine Blanton","FEMALE","19734 Cinder Creek Bluff","07/29/2013"
747531,14936,"Rhonda Wallace","MALE","7277 Quaking Zephyr Ramble","04/21/2013"
708634,14368,"Kathy Staten","FEMALE","13039 Little Wagon Manor","05/03/2013"
709231,11942,"Anne Robbins","OTHER","18475 Big Elm Landing","03/18/2013"
749946,12147,"Donald Williams","FEMALE","7328 Big Mill Ledge","07/04/2013"
750211,14682,"Francis Frizzell","MALE","6066 Hazy Blossom Ramble","06/08/2013"
781581,12400,"Michelle Smith","FEMALE","442 Broad Embers Chase","05/18/2013"
797941,16024,"Billie Nesler","FEMALE","15619 Little Stone Glade","02/18/2013"
708416,11602,"Sylvia Beverly","MALE","2045 Round Hills Dale","06/06/2013"
774626,15125,"Tamela Wilson","MALE","4321 Broad Pioneer Lagoon","02/05/2013"
763044,12928,"Lawrence Gilchrist","MALE","686 Umber Grove Stroll","01/19/2013"
722236,14117,"Victor Yoder","MALE","517 White Wagon Promenade","12/14/2012"
760291,11013,"Sally Randall","MALE","53772 Hazy Horse Orchard","04/25/2013"
728835,17857,"Morris Michaelson","MALE","17428 Calm Leaf Cove","03/27/2013"
742225,18767,"Jane Almodovar","MALE","3060 Dusty Harbor Point","03/15/2013"
788798,19064,"Patricia Westervelt","FEMALE","4483 Pretty Nut Journey","09/30/2012"
762649,12668,"Charles Myers","FEMALE","4704 Cotton Goose Terrace","03/06/2013"
735999,13553,"Matthew Tipton","FEMALE","5570 Sunny Prairie Ridge","08/13/2012"
774143,19480,"Laurel Williams","MALE","41937 Twin Acorn Gate","07/22/2013"
742784,16665,"Jennifer Workman","MALE","17073 Blue Log Park","02/14/2013"
763142,15690,"Tim Nash","MALE","55830 Middle Goose Orchard","04/20/2013"
758436,12753,"Mark Daniels","MALE","10332 White Crow Orchard","06/21/2013"
771987,12325,"Ruth Robinson","FEMALE","774 Hazy Crow Valley","03/27/2013"
718583,14793,"Eva Christian","FEMALE","30513 Quaking Creek Acres","06/16/2013"
751908,15841,"Helen Brooks","MALE","59371 Rose River Wander","06/07/2013"
729225,12122,"Christine Anderson","MALE","52864 Hidden Stone Court","05/01/2013"
777954,13715,"Amanda Matthews","FEMALE","1037 Calm Zephyr Heights","09/18/2012"
751852,18587,"Opal Johson","MALE","2715 Indian Bridge Way","06/19/2013"
701923,11913,"Lincoln Mcneil","MALE","43025 Umber Acorn Way","07/01/2013"
746642,18355,"Barbara Woodland","MALE","22678 Crimson Blossom Park","07/14/2013"
793110,16563,"Kevin Healy","MALE","2178 Orange Lamb Jetty","05/25/2013"
744997,18390,"Robert Miller","FEMALE","69267 Long Hickory Ramble","07/11/2013"
796206,16144,"Lucy Falco","FEMALE","64580 Thunder Apple Race","07/26/2013"
704125,17130,"Scott Sloan","FEMALE","4509 Noble Forest Highlands","05/31/2013"
742179,11525,"James Turberville","MALE","10159 Little Rise Summit","07/12/2013"
722882,12821,"Catherine Walker","MALE","5461 Harvest Dale Circle","07/14/2013"
792257,15037,"Robert Lewis","FEMALE","42956 Sunny Holly Farms","07/17/2013"
787091,13492,"Jack Arena","FEMALE","23049 Dusty Maple Road","07/25/2013"
740153,19862,"Jamie Shaw","MALE","5983 Pleasant Rabbit Road","05/19/2013"
795078,17678,"Eulalia Chewning","FEMALE","6211 Rocky Squirrel Road","11/25/2012"
743410,16586,"Jefferson Palmer","FEMALE","6548 Rough Pond Landing","05/16/2013"
762823,12860,"William Bynum","FEMALE","42872 Burning Mountain Cut","06/17/2013"
716713,18078,"Michael Cruz","MALE","2028 Dewy Lamb Glen","12/24/2012"
720587,19743,"Marta Hilderbrand","MALE","66795 Iron Maple Trace","07/31/2013"
740533,12696,"Deborah Murph","MALE","83746 Quiet Bridge Dell","06/21/2013"
745571,15307,"Paul Crane","FEMALE","13612 Rocky Butternut Orchard","07/28/2013"
741781,19093,"Shannon Dixon","FEMALE","37212 Tender Fox Road","06/02/2013"
751635,16729,"Steve Furtado","MALE","81161 Lonely Bear Street","04/28/2013"
733215,16870,"Kira Duckworth","MALE","270 Cinder Lamb Mews","07/15/2013"
701427,13732,"Richard Estabrook","MALE","36252 Red Butternut Chase","07/24/2013"
770860,19565,"Joshua Honea","FEMALE","50985 Happy Autumn Summit","04/25/2013"
777977,17729,"Gilbert Smith","FEMALE","2097 Twin Robin Valley","07/03/2013"
709941,13289,"Marlon Levy","FEMALE","529 Lazy Robin Heights","07/16/2013"
711333,16809,"Robert Trejo","MALE","55327 Merry Blossom Stroll","07/27/2013"
786236,10014,"Joseph Runge","FEMALE","45196 Colonial Diamond Avenue","07/29/2013"
723939,14184,"Stephen Bruno","FEMALE","410 Velvet Creek Bluff","01/17/2013"
756975,14646,"Mary Griffin","FEMALE","14370 White Bear Way","06/15/2013"
714526,15911,"Lance Barker","FEMALE","19474 Quaint Acorn Knoll","07/31/2013"
702519,17335,"Luz Saunders","MALE","64417 Auburn Holly Run","07/26/2013"
795287,11795,"Howard Swanigan","FEMALE","35249 Gentle Mountain Swale","06/30/2013"
750852,17146,"Anthony Bishop","FEMALE","53873 Middle Elm Court","09/28/2012"
777263,13289,"Jeffery Cooper","MALE","85064 Thunder Pond Place","03/31/2013"
752309,12845,"Sherri Sexton","FEMALE","7217 Bright Pine Vale","04/26/2013"
750885,11492,"John Hopkins","MALE","35189 Tender Spring Landing","09/10/2012"
793901,10912,"James Thompson","MALE","12699 Old Peach Trace","06/04/2013"
788850,12478,"Arletha Leach","FEMALE","54196 Big Apple Stroll","06/11/2013"
795122,13193,"Brittany Owens","MALE","72714 Fallen Acorn Chase","06/15/2013"
707435,11167,"Minnie Golden","FEMALE","55704 Cinder Stone Road","04/30/2013"
715404,18892,"John Garcia","FEMALE","99130 Broad Autumn Corner","05/29/2013"
748340,13656,"Charles Smith","MALE","69836 Orange Blossom View","06/27/2013"
707110,14484,"Andrew France","MALE","19035 Turning Castle Stead","05/26/2013"
746406,12034,"Omer Benson","FEMALE","2096 Lonely Prairie Jetty","07/01/2013"
712083,16248,"Stephen Alston","FEMALE","91 Lost Hills Bend","05/18/2013"
794464,13420,"Mary Banton","FEMALE","116 Velvet Bird Bluff","06/16/2013"
760017,17366,"Claude Rodriguez","FEMALE","202 Big Berry Field","06/25/2013"
792896,16207,"Carla Workman","MALE","68145 Hidden Peach Place","04/23/2013"
737143,19727,"Eddie Garza","FEMALE","6674 Pearl Bird Crest","07/14/2013"
759524,13314,"Jeffrey Hogans","MALE","83187 Foggy Prairie Street","04/02/2013"
708564,17296,"Ashley Hopkins","FEMALE","55918 Fallen Brook Turn","03/30/2013"
753550,17069,"Angela Mckeel","FEMALE","6653 Silver Leaf Arbor","06/04/2013"
780448,13831,"Jasmine Knowles","FEMALE","59093 Pearl Nut Landing","05/10/2013"
733203,13589,"Lauren Sowards","FEMALE","23697 Calm Butternut Stroll","04/21/2013"
768407,12690,"Courtney Felker","FEMALE","29982 Rocky Lamb Stroll","06/15/2013"
772935,17988,"Patricia Vanzandt","FEMALE","41032 Silver Snake Arbor","03/13/2013"
769156,12476,"Wilson Yarnell","FEMALE","48805 Burning Treasure Chase","04/11/2013"
773424,14416,"Michelle Brummitt","FEMALE","47181 Merry Stone Acres","04/18/2013"
723953,10977,"Melvin Price","FEMALE","91353 Rocky Creek Lagoon","04/14/2013"
739504,14473,"Lauren Wooding","MALE","95432 Amber Gate Acres","12/23/2012"
716896,10877,"Risa Keele","MALE","63848 High Diamond Point","06/08/2013"
773761,17731,"Travis Shadwick","FEMALE","69771 Quaking Panda Chase","07/10/2013"
715063,19773,"Julie Nelson","FEMALE","62182 Broad Bluff Trek","06/06/2013"
727744,11699,"Jesus Epstein","FEMALE","91095 High Pond Isle","07/26/2013"
732207,11557,"Edward White","FEMALE","4643 Small Lake Orchard","07/04/2013"
756825,19434,"Kenneth Vargas","MALE","26661 Blue Shadow Isle","07/22/2013"
741834,17509,"Jackie Roesler","FEMALE","205 Umber Timber Cove","12/22/2012"
758583,19413,"Mary Frye","MALE","6421 Cozy View Point","06/24/2013"
739871,13470,"Matthew Watters","FEMALE","20810 Silver Bird Swale","04/17/2013"
721058,14755,"John Green","MALE","81570 Misty Flower Road","06/01/2013"
739858,18045,"Vella Stafford","MALE","44440 Dusty Chestnut Ridge","04/18/2013"
724212,10274,"Marty Medina","FEMALE","16477 Twin View Heights","05/07/2013"
775297,11901,"Sylvia Fudge","MALE","27364 Green Swan Round","07/11/2013"
788110,10294,"Marion Ratcliff","MALE","12211 Big Berry Chase","03/30/2013"
720070,14709,"Cary Moore","MALE","77615 Misty Pond Pace","06/06/2013"
762806,16762,"John Lusby","MALE","12393 Silver Anchor Park","02/17/2013"
743212,15252,"Roseann Williams","FEMALE","4687 Umber Grove Pace","06/29/2013"
776989,15635,"Cindy Davis","FEMALE","19981 Burning Cottage Swale","06/12/2013"
753565,15711,"Willie Bell","MALE","5857 Tawny Beacon Glen","04/18/2013"
752278,19453,"Donald Haines","MALE","15260 Middle Wagon Path","05/19/2013"
738598,13430,"David Sanchez","MALE","77640 Pleasant Axe Run","05/31/2013"
713440,14887,"James Baker","MALE","64884 Thunder Axe Knoll","12/09/2012"
746749,10088,"Samuel Reynolds","FEMALE","60036 Still Bridge Farms","07/14/2013"
767538,17477,"Susan Bailey","MALE","24353 Broad Nest Orchard","02/04/2013"
702238,16225,"Helen Barnhill","FEMALE","108 Heather Fawn Bluff","03/21/2013"
746779,13422,"David Bermudez","MALE","91339 Birch Anchor Glade","07/25/2013"
757534,18170,"April Montoya","MALE","1480 Lonely Robin Lane","07/12/2013"
714955,16116,"David Birdwell","MALE","47650 Merry Spring Lace","11/08/2012"
760584,10116,"Stephen Desantis","FEMALE","37228 Bent Stone Acres","02/17/2013"
788462,11585,"Robert Fritts","MALE","5344 Ivory Goose Falls","07/31/2013"
703348,19544,"Timothy Arias","MALE","3035 Dewy Fawn Promenade","06/10/2013"
778197,16802,"Louise Devries","FEMALE","31250 Umber Lake Crest","07/25/2013"
761210,17439,"Debbie Hicks","FEMALE","84942 Cool Timber View","06/02/2013"
753573,18908,"Carrie Gomez","FEMALE","38462 Blue Anchor Race","07/01/2013"
754196,12034,"Rogelio Brown","FEMALE","54620 Cozy Nest Dell","05/31/2013"
721490,15263,"Sheila Peeples","FEMALE","13793 Lazy Feather Rove","07/29/2013"
780404,16403,"Gwendolyn Jackson","FEMALE","67262 Pied Willow Orchard","03/20/2013"
743929,12236,"Patrick Aguilar","FEMALE","76816 Bright Barn Highlands","07/06/2013"
757834,19742,"Richard Wortham","MALE","53569 Jagged Castle Meadow","06/28/2012"
730591,16710,"Jacob Copeland","FEMALE","59084 Emerald Branch Trail","06/29/2013"
762560,16008,"Mike Demaria","MALE","87014 Dusty Bird Stead","07/06/2013"
717705,16958,"Robert Cox","MALE","11380 Velvet Acorn Terrace","05/16/2013"
705435,17426,"Ryan Farley","MALE","81191 Broad Anchor Road","08/27/2012"
788291,10737,"Robert Leonard","FEMALE","85924 White Blossom Ledge","06/22/2013"
759817,15626,"Jennifer Thorn","MALE","43191 Long Snake Avenue","07/06/2013"
707793,16907,"Annie Rankin","FEMALE","41763 Crimson Diamond Trek","05/01/2013"
771414,15100,"Cristin Vollmer","FEMALE","36825 Rough River Path","07/04/2013"
746282,12742,"Spencer Spencer","MALE","720 Thunder Treasure Arbor","07/23/2013"
719887,10252,"Paul Ware","MALE","3623 Cold Turtle Terrace","01/30/2013"
783235,13847,"Joe Nelson","FEMALE","2216 Emerald Fox Trace","04/08/2013"
765510,14612,"Elsa Muller","MALE","68961 Bright Panda Edge","05/07/2013"
741612,11020,"Roy Waring","MALE","128 Long Elm Run","06/07/2013"
750477,11460,"Thomas Jones","MALE","11090 Burning Maple Edge","07/26/2013"
741603,13459,"Bruce Rosati","MALE","49059 Silver Creek Nook","04/29/2013"
702092,15562,"Ilene Webb","MALE","202 Middle Beaver Trace","07/25/2013"
714602,11424,"Dwight Torian","MALE","38909 Sweet Beaver Edge","12/01/2012"
721486,13778,"Edward Daniels","FEMALE","198 Lost Turtle Wander","05/30/2013"
780697,17309,"Julie Clarke","FEMALE","15327 White Lake Edge","07/28/2013"
782492,13538,"Edward Roberts","MALE","34114 White Dale Grove","06/21/2013"
719116,16729,"Casey Lee","FEMALE","69898 Colonial Snake Gardens","06/18/2013"
738963,17939,"Suzanne Murphy","MALE","95873 Blue Spring Jetty","10/12/2012"
794929,17848,"Thomas Gardner","FEMALE","1184 Auburn Peach Flats","02/11/2013"
789415,17678,"Thelma Pendleton","FEMALE","7954 Misty Hickory Wander","06/23/2013"
723659,16192,"James Peer","MALE","44968 Merry Panda Heights","06/01/2013"
751210,17836,"Paul Ramsey","MALE","53780 Sunny Mountain Grove","03/21/2013"
712115,17598,"Christy Gutierrez","MALE","16015 Lone Hills Valley","01/21/2013"
741091,12283,"Lindsay Farias","MALE","131 Dusty Grove Edge","02/17/2013"
731004,16433,"Michael Ledet","MALE","515 Umber Hickory Woods","04/18/2013"
772216,12756,"Stella Ferguson","MALE","11379 Rocky Island Falls","06/25/2013"
716975,13461,"Catherine Hopkins","FEMALE","30765 Amber Zephyr Turn","07/03/2013"
788403,10343,"Ronald Montes","FEMALE","16633 Silver Anchor Lane","06/14/2013"
788118,14761,"Nicole Levey","FEMALE","80045 Auburn Berry View","02/11/2013"
736735,10906,"Sharon Munoz","FEMALE","96864 Bright Beacon Bank","07/27/2013"
718571,11358,"Evan Cardwell","MALE","40082 Stony Branch Pike","05/12/2013"
787297,17501,"Karen Cunningham","FEMALE","21295 Gentle Treasure Pass","05/22/2013"
742012,15317,"John Ulrich","FEMALE","77658 Old Quail Pass","06/24/2013"
707007,16958,"David Jones","MALE","8372 Gentle Cottage Cut","07/26/2013"
753084,18073,"Eric Evans","FEMALE","78286 Bent Beacon Byway","05/06/2013"
738414,14321,"Don Penton","MALE","64856 Square Sky Niche","07/15/2013"
728165,14673,"Natasha Lopez","MALE","885 Shady Harbor Bank","05/07/2013"
718510,10784,"Henry Fairchild","FEMALE","9503 Grand Rock Ridge","06/10/2013"
760475,12149,"Robert Gary","OTHER","50000 Lazy Hills Wander","04/11/2013"
751986,19369,"Richard Leary","MALE","1985 Burning Pioneer Glade","01/22/2012"
709456,13483,"Leslie Frazier","MALE","65987 Green Grove Valley","06/09/2013"
792038,18527,"Dennis Nazario","FEMALE","29774 Bright River Summit","07/04/2013"
772736,15987,"Robert Johnston","MALE","16422 Birch Nest Falls","12/01/2012"
747705,12922,"Herbert Courtright","FEMALE","99707 Heather Berry Corner","07/14/2013"
759292,11585,"James Mclane","OTHER","8728 Fallen Peach Pike","06/17/2013"
794192,16767,"Evelyn Beach","MALE","76288 Sleepy Spring Way","06/25/2013"
724800,19425,"Dianne Lattin","MALE","69259 Stony Anchor Villa","06/30/2013"
753031,15506,"Benjamin Caulder","FEMALE","50143 Sunny Leaf Heights","07/08/2013"
789572,13803,"Anissa Tucker","FEMALE","20043 Ivory Fox Crest","07/26/2013"
753869,17429,"Trisha Fleming","FEMALE","63882 Rustic Goose Field","02/15/2013"
766015,19420,"Arturo Douglas","OTHER","6889 Quiet Branch Isle","04/25/2013"
742674,18792,"Johnny Gibbs","FEMALE","15961 Red Anchor Bank","07/26/2013"
712431,12615,"William Cumbie","FEMALE","13187 Sweet Horse Avenue","06/23/2013"
722160,18640,"David Payne","MALE","6980 Middle View Flats","07/15/2013"
756854,18865,"Robert Cochran","FEMALE","24551 Sleepy Elk Shoal","07/22/2013"
793031,16739,"Elizabeth Clemons","MALE","6556 Foggy Zephyr Street","08/23/2012"
742246,17125,"Deane Humphrey","MALE","17690 Tender Acorn Journey","05/27/2013"
757852,15746,"Sandra Torres","MALE","39188 Bent Butternut Path","03/24/2013"
730898,13326,"Cecilia Lee","MALE","44684 Indian Maple Quay","05/04/2013"
787379,18493,"Shawn Brown","MALE","15744 Hidden Pond Mews","05/18/2013"
760297,16855,"Tommie Lovelace","MALE","22599 Square Zephyr Avenue","07/16/2013"
731306,19624,"Ryan Reyes","MALE","14792 Noble Maple Point","06/07/2013"
728660,12748,"Penny Cruz","MALE","859 Honey Zephyr Journey","04/03/2013"
740970,18273,"Matthew Sutton","MALE","32527 Still Pebble Knoll","03/18/2013"
763349,19205,"Beverly Ortiz","FEMALE","31060 Pied Goat Byway","04/15/2013"
714517,13374,"Charles Baxter","FEMALE","309 Cozy Elm Round","05/23/2013"
774414,10855,"Carolyn Estep","FEMALE","422 Heather Gate Promenade","07/18/2013"
755383,12113,"Brandi Mccracken","MALE","59735 Crimson Brook Rove","07/09/2013"
714329,14738,"Paul Machado","OTHER","51224 Tawny Mill Farms","07/14/2013"
767154,15049,"Virginia Goldman","MALE","98 Heather Axe Arbor","11/12/2012"
744240,12867,"Linda Lott","FEMALE","15 Hidden Holly Cut","06/19/2013"
722194,10794,"Alan Secrist","FEMALE","13000 Cool Snake Dell","06/02/2013"
720606,15871,"Lois Stephens","MALE","29607 Square Beaver Stead","07/15/2013"
738581,15733,"Mitchell Pearce","MALE","11428 Merry Chestnut Terrace","01/04/2013"
736981,11759,"Marvin Bedard","FEMALE","29747 Noble Horse Vale","06/15/2013"
712423,12255,"Francis Quinonez","FEMALE","69503 Cozy Prairie Mews","05/23/2013"
783146,13082,"Charlie Kennedy","MALE","9844 Small Log Alcove","07/22/2013"
732054,12945,"Theresa Reeves","MALE","62679 Dusty Nest Summit","02/28/2013"
721664,13629,"Arlene Jones","FEMALE","18354 Harvest Lamb Ridge","07/27/2013"
742666,15385,"Stephen Pereda","FEMALE","8624 Red Flower Jetty","05/14/2013"
761235,17536,"Michael Berger","MALE","5109 Little Panda Villa","05/26/2013"
785831,16370,"Carol Crawford","FEMALE","57140 Windy Nest Pike","01/09/2013"
723452,15097,"Elaine Day","MALE","25325 White Wagon Falls","06/25/2013"
725435,15587,"Ray Sanchez","MALE","239 Strong Bluff Bluff","02/25/2013"
718719,15415,"Reggie Montgomery","MALE","41905 Golden Sky Race","03/03/2013"
751149,19484,"Thomas Fierros","MALE","24682 Rose Spring Circle","03/19/2013"
712100,17397,"Wayne Dozier","MALE","80370 Amber Berry Summit","10/21/2012"
752663,14804,"Irene Mapp","MALE","38870 Hush Cider Vista","07/23/2013"
759518,15611,"Garth Newsome","MALE","58040 Silver Lake Byway","07/31/2013"
772881,13422,"Orville Swanson","FEMALE","94826 Broad Wagon Park","07/23/2013"
743185,10103,"Margaret Melchor","FEMALE","53910 Dusty Leaf Vista","06/09/2013"
704806,16190,"Janet Ray","FEMALE","42681 Noble Branch Vista","07/19/2012"
748504,13160,"Rebecca Smith","MALE","5853 Hush Leaf Court","04/05/2013"
706289,18507,"Larry Dumond","MALE","17856 Red Pumpkin Edge","07/23/2013"
708830,15040,"Brandi Ebron","FEMALE","20688 Small Pond Glade","03/30/2013"
774570,19374,"Marguerite Lucero","MALE","22859 Pied Berry Terrace","06/29/2013"
716524,12494,"Vickie Roberts","FEMALE","13238 Orange Bridge Estates","07/09/2013"
713947,16741,"Victoria Johnson","FEMALE","11939 Tawny Zephyr Shoal","07/12/2013"
754720,12068,"Donald Reno","FEMALE","1216 Broad Cottage Ledge","05/14/2013"
737768,10414,"Monica Smith","FEMALE","48911 Sleepy Blossom Path","12/17/2012"
721421,14746,"Camille Buehler","MALE","758 Middle Bear Quay","07/31/2013"
786538,11470,"Nicole Renteria","MALE","2649 Silent Flower Bend","07/03/2013"
730193,15354,"Sandra Glaser","MALE","13864 Silent Leaf Wander","06/20/2013"
735327,10406,"Janet York","MALE","61834 Easy Elm Manor","07/13/2013"
764222,13163,"Justin Jacobson","FEMALE","81487 Lonely Pumpkin Falls","07/26/2013"
748248,18515,"Jackie Harjo","MALE","417 Pleasant Swan Pace","06/07/2013"
779478,12826,"Lesha Schmidt","FEMALE","87634 Iron Castle Rove","07/26/2013"
723355,17807,"Jeffrey Mengel","MALE","27803 Bent Nectar Dale","04/13/2013"
760659,11582,"Dolores Hirt","MALE","14121 Windy Rock Journey","05/21/2013"
730052,10590,"Bridget Defoor","FEMALE","29822 Clear Pebble Farms","07/13/2013"
723915,10930,"Fannie Smith","MALE","84170 Iron Mill Acres","07/21/2013"
750410,12380,"Amy Cordero","FEMALE","41967 Sandy Pebble Twist","01/10/2013"
707233,11428,"Sandra Butler","FEMALE","45132 Heather Zephyr Acres","07/01/2013"
750992,12534,"Joseph Riley","MALE","73414 Bent Gate Pike","05/20/2013"
738351,13956,"Clement Torres","FEMALE","2857 Lonely Axe Gardens","07/04/2013"
761674,16618,"Melanie Harris","MALE","2687 Foggy Willow Field","05/18/2013"
703699,15510,"Andrea Mcginnis","FEMALE","67760 Bent Snake Valley","03/10/2013"
766597,15206,"Steven Martinez","FEMALE","39998 White Bear Cove","03/06/2013"
762845,13642,"Brian Tucker","MALE","8418 Indian Deer Stead","04/16/2013"
705451,11827,"Henry Mclaughlin","MALE","57237 Cold Deer Shoal","07/25/2013"
794810,18969,"Marilyn Franks","MALE","59838 Small Willow Stroll","06/08/2013"
720571,18025,"James Clark","FEMALE","12506 Tawny Prairie Jetty","02/07/2013"
764991,17739,"Christina Laberge","FEMALE","3213 Orange Pond Twist","04/08/2013"
740312,16997,"Douglas Collins","MALE","33069 Birch Goat Summit","09/05/2012"
710567,19553,"Gina Wilson","FEMALE","42821 Twin Pony Trace","07/11/2013"
785209,17957,"Margaret Nicholas","FEMALE","24802 Little Lake Saunter","04/17/2013"
738040,16888,"Laura Kuhn","FEMALE","85 White Bluff Orchard","04/03/2013"
741923,14410,"Donald Bennett","FEMALE","8749 Indian Grove Wander","04/12/2013"
771987,10248,"Stephen Mcarthur","MALE","70344 Misty Grove Promenade","04/13/2013"
715142,18657,"Nellie Millan","FEMALE","89716 Tender Chestnut Ledge","11/05/2012"
794238,11192,"Christopher Holt","FEMALE","3502 Burning Lake Bayou","06/13/2013"
703188,15784,"Randall Whitlock","FEMALE","1222 Burning Blossom Avenue","01/22/2013"
758739,12721,"Robert Blankenship","MALE","27290 Pretty Timber Acres","11/14/2012"
716196,10648,"Dorothy Hershman","MALE","71268 Silver Autumn Journey","10/08/2012"
717984,15471,"Jin Sanders","MALE","85288 Golden Peach Valley","07/31/2013"
778002,11917,"Stacey Dunn","FEMALE","41316 Cotton Brook Dell","07/25/2013"
709908,12746,"James Jenkins","MALE","59709 Pied Bridge Swale","03/01/2013"
711283,16832,"Willa Gray","MALE","65782 Lost Wagon Bend","07/30/2013"
796337,14162,"Bill Moore","MALE","19349 Still Branch Highlands","06/15/2013"
795453,12758,"Hubert Whaley","MALE","13776 Square Chestnut Avenue","06/19/2013"
710876,14657,"Linda Mays","FEMALE","110 Harvest Acorn View","03/21/2013"
736901,10939,"David Hernandez","FEMALE","36245 Quiet Island Stead","06/29/2013"
758834,17716,"Scott Neri","MALE","37012 Lost Log Manor","07/02/2013"
777036,15467,"Christopher Cole","MALE","29505 Small Quail Estates","03/10/2013"
796381,18115,"Deloris Washington","MALE","3125 Middle Chestnut Park","05/15/2013"
771087,13576,"Angel Guerrero","FEMALE","48121 Strong Beaver Rove","06/18/2013"
772404,15988,"Howard Conway","MALE","77538 Stony Stone Acres","07/12/2013"
776639,17935,"Cheryl Casey","FEMALE","70145 Twin Lamb Ramble","04/03/2013"
744182,12921,"Alma Bishop","FEMALE","1580 Foggy Chestnut Bayou","05/22/2013"
741115,13096,"Scott Evans","FEMALE","6819 Pleasant Rise Place","06/03/2013"
703107,14261,"Nola Rogers","MALE","68870 Cotton Bridge Chase","03/19/2013"
798703,15970,"Benny Wallis","FEMALE","91321 Thunder Castle Swale","07/23/2013"
768905,15562,"James Hobbs","MALE","45813 Silver Chestnut Jetty","07/02/2013"
700357,15460,"Margaret Showalter","FEMALE","29556 Harvest Turtle Farms","07/15/2013"
709436,15860,"Daniel Williams","MALE","15815 Umber Elk Round","10/22/2012"
796907,17932,"Tyrone Lecroy","FEMALE","45 Pied Axe Turn","05/25/2013"
771132,17606,"Stephen Marshall","MALE","1643 Pied Gate Lagoon","01/27/2013"
777641,18052,"Dorthea Oliver","MALE","18985 Amber Goose Avenue","05/02/2013"
781279,14515,"Charles Terrell","MALE","19490 Twin Apple Gate","03/14/2013"
768731,10190,"Betty Hobbs","FEMALE","95500 Lonely Hills Journey","05/19/2013"
735904,12724,"Byron Metivier","FEMALE","830 Sleepy Panda Jetty","02/13/2013"
748180,18277,"Michael Curtis","FEMALE","74911 Crystal Holly Bend","04/27/2013"
708046,16348,"Lisa Gilliland","FEMALE","5768 Happy Leaf Isle","10/29/2012"
729610,15847,"Sonia Fulton","FEMALE","40794 Amber Brook Ramble","01/04/2013"
756060,13525,"Norman Cox","MALE","40010 Shady Dove Twist","06/20/2013"
751573,11497,"Mark Terry","MALE","43971 Cinder Diamond Meadow","10/05/2012"
723774,10848,"Sherri Baker","FEMALE","49769 Rose River Bend","04/27/2013"
749091,14043,"Douglas Jacoby","MALE","17783 Thunder Flower Run","07/04/2013"
776034,12809,"Paula Rivera","FEMALE","27275 Lone Cottage Way","05/28/2013"
734930,17513,"Alexander Terry","FEMALE","49400 Turning Feather Estates","07/17/2013"
723476,17983,"David Priestley","MALE","248 Green Bear Round","07/07/2013"
716815,16812,"James Owens","FEMALE","37334 Jagged Log Farms","04/09/2013"
761067,17858,"Randy Maly","MALE","152 Big Rise Crest","07/20/2013"
745472,11112,"Christopher Holcomb","FEMALE","50898 Orange Rabbit Trail","07/25/2013"
765435,16629,"Emily Le","FEMALE","39562 Long Rabbit Park","07/24/2013"
710485,10452,"Josephine Capehart","MALE","141 Colonial Pioneer Alcove","02/12/2013"
706309,16196,"Stanley Burns","MALE","35067 Lost Anchor Glade","04/03/2013"
738822,18444,"Michael Cowan","MALE","99064 Cozy Branch Race","05/29/2013"
721338,11802,"Michael Goodwin","MALE","37552 Cinder Nest Stead","06/06/2013"
733162,13928,"Lupita Wright","FEMALE","52352 Misty Flower Drive","03/03/2013"
736947,18334,"Lela Warren","MALE","22 Round Dale Vista","08/26/2012"
762464,12258,"Edward Alexander","MALE","4284 Broad Beacon Mews","06/07/2013"
776916,11555,"Lewis Jeffries","FEMALE","44474 Quiet Cider Shoal","04/29/2013"
790550,17819,"William Johnson","FEMALE","21654 Indian Timber Woods","07/24/2013"
752258,19634,"Francis Siler","FEMALE","9635 Dusty Crow Pass","07/27/2013"
780055,13103,"Michelle Dehart","MALE","54801 Stony Anchor Court","05/05/2013"
744131,17185,"Margaret Moncrief","MALE","32075 High Beacon Gardens","02/22/2013"
770205,19146,"Meghan Morales","FEMALE","3 Square Peach Arbor","03/25/2013"
781606,12507,"Zoraida Love","MALE","40974 Strong Gate Villa","06/26/2013"
729410,18313,"Anthony Carter","FEMALE","39049 Lone Cottage Corner","04/29/2013"
748924,12940,"Austin Alvarado","FEMALE","6783 Rocky Pebble Grove","01/20/2013"
733549,19081,"Wayne Vargas","MALE","391 Merry Willow Byway","12/30/2012"
724868,10912,"Gloria Resendez","MALE","958 Indian Mill Point","07/17/2013"
723602,12405,"Mary Griffin","FEMALE","68 Tender Bird Place","07/31/2013"
718611,13712,"Paula Thurman","MALE","4123 Long Autumn Trail","05/11/2013"
795105,16081,"Arlene Strobel","MALE","2838 Honey Blossom Way","07/16/2013"
705570,13595,"Eugenia Terrones","MALE","9494 Cold Fawn Race","01/26/2013"
712339,17647,"Jeffrey Richie","FEMALE","11357 Dusty River Stroll","03/25/2013"
751613,14078,"Patty Pratt","MALE","11541 Dusty Elm Lagoon","06/23/2013"
764654,12170,"Harold Shuman","MALE","1960 Indian Pioneer Point","03/31/2013"
750401,11883,"Dennis Rowland","FEMALE","42146 Amber Butterfly Chase","08/14/2012"
736333,13324,"Yvonne Carlson","FEMALE","29171 Birch Gate Gardens","06/28/2013"
777797,11343,"Michal Cheatham","MALE","62896 Tender Bluff Gardens","05/18/2013"
799809,18357,"Bruce Gaddis","FEMALE","19996 Strong Log Bayou","04/16/2013"
703606,12817,"Tiffany Hoy","MALE","18109 Sunny Acorn Glade","04/03/2012"
736471,11540,"Kim Mendoza","MALE","45041 Amber Sky Glen","01/07/2013"
773155,11888,"Rosella Sides","FEMALE","65824 Hazy Maple Journey","07/02/2013"
779088,16540,"Daniel Pugh","MALE","49214 Lost Treasure Jetty","05/08/2013"
764972,16332,"Consuela Moore","MALE","97754 Rustic Branch Hollow","07/07/2013"
760412,14536,"Ina Featherston","FEMALE","1432 Big Forest Ridge","05/31/2013"
701368,11299,"Peter Pylant","MALE","90541 Cozy Stone Rove","03/17/2013"
733647,14381,"Bobby Pham","FEMALE","17949 Rustic Creek Jetty","07/14/2013"
761694,14229,"Carmen Williams","FEMALE","10937 Sweet Zephyr Wander","02/19/2013"
718410,18267,"Harold Andress","FEMALE","9225 Cinder Quail Gardens","06/16/2013"
758983,17732,"Charles Burks","FEMALE","74577 Foggy Panda Alcove","06/26/2013"
747273,10357,"Terry Vance","FEMALE","2290 Ivory Leaf Swale","07/18/2013"
709592,18063,"Jose Philpot","MALE","50524 Sleepy Bird Grove","07/12/2013"
706232,12073,"Betty Godwin","MALE","7320 Dusty Robin Highlands","02/02/2013"
752907,15582,"John Gibson","FEMALE","6418 Cinder Acorn Lane","04/06/2013"
745444,10727,"Keith Williams","FEMALE","67171 Red Butterfly Journey","06/30/2013"
704107,14661,"Billie Woodfin","FEMALE","950 Cinder Oak Ridge","07/25/2013"
762602,12830,"Heather Reeves","MALE","10187 Iron Turtle Alcove","07/28/2013"
751894,18266,"Kristopher Hoskins","FEMALE","2787 Bright River Grove","10/11/2012"
747682,17069,"Steven Chapa","FEMALE","2262 Sweet Gate Mews","11/26/2012"
749318,19465,"Arthur Ho","FEMALE","68233 Square Shadow Twist","11/08/2012"
734187,10903,"Caleb Parkinson","MALE","707 Heather Peach Grove","05/21/2013"
746527,15682,"Jesse Shearer","MALE","45232 Red Bluff Dale","06/16/2013"
788259,12604,"William Davis","MALE","49932 Amber Butterfly Vale","01/15/2013"
794018,18826,"Thelma Odaniel","FEMALE","2163 Iron Cloud Alcove","06/29/2013"
794570,14841,"Juana Gardner","FEMALE","2958 Cozy Prairie Turn","07/23/2013"
736656,19492,"Eddie Mcghee","FEMALE","77722 Quaking Snake Turn","04/23/2013"
779061,18491,"Dorothy Ritchie","FEMALE","80758 Amber Cider Mews","06/10/2013"
723970,15350,"Flora Brown","FEMALE","58498 Blue Treasure Canyon","11/27/2012"
778066,10220,"Amy Wilson","FEMALE","81101 Merry Brook Mews","06/27/2013"
711989,19439,"Rick Young","FEMALE","10621 Silver Mill Dale","02/08/2013"
770682,10897,"Anthony Trent","MALE","2022 Silent Feather Bank","05/27/2013"
715333,17357,"James Mcmillian","MALE","1383 Round Deer Avenue","08/30/2012"
780057,12071,"Shirley Hopkins","FEMALE","38470 Red Rock Avenue","01/28/2013"
719103,11528,"Nathan Henderson","FEMALE","9714 Harvest Bridge Landing","12/13/2012"
789680,11076,"Joseph Alvarado","FEMALE","21186 Silent View Stead","04/27/2013"
775766,12119,"Maggie Price","MALE","12009 Stony River Orchard","04/08/2013"
759667,16439,"Laura Crooks","MALE","75956 Still Apple Drive","04/19/2013"
764219,13495,"Matthew Alfred","FEMALE","17851 Heather Feather Swale","07/25/2012"
763502,12593,"Margaret Vickers","MALE","368 Silver Crow Bluff","07/07/2013"
745195,12536,"Mary Smith","MALE","43854 Ivory Dove Bluff","02/12/2013"
739178,10471,"Faith Anderson","MALE","67488 Ivory Hills Path","01/25/2012"
703169,14583,"Rusty Domingo","OTHER","80756 Long River Cut","04/02/2013"
729646,17297,"Robert Francis","MALE","90431 Broad Creek Place","11/19/2012"
724966,16158,"Erica Brownlee","MALE","69343 Bent Mountain Manor","05/29/2013"
749876,15581,"Maricela Messer","MALE","51374 Strong Brook Bank","07/20/2013"
745299,10422,"Amber Hernandez","MALE","2072 Still Rabbit Path","06/11/2013"
717829,18924,"Carol Hazel","FEMALE","38587 Dusty Brook Pace","07/11/2013"
733844,13799,"Mary Craig","MALE","44696 Quaint Harbor Drive","06/13/2013"
742071,10179,"Raymond Hunter","FEMALE","1479 Bent Goose Falls","07/23/2013"
771463,19541,"Helen White","MALE","30474 Big Fawn Crest","10/14/2012"
794492,10811,"Thomas Sandifer","MALE","8302 Lonely River Way","05/21/2013"
724530,16588,"Inez Mcgraw","FEMALE","61695 Little Nest Cut","08/13/2012"
768727,16663,"Gerald French","FEMALE","50858 Turning Hills Highlands","03/25/2013"
735426,15028,"Karen Clark","FEMALE","35 Bent Gate Rove","06/07/2013"
752649,14429,"Phyllis Weddle","MALE","14898 Umber Maple Edge","05/25/2013"
724421,14116,"John Winston","MALE","79538 Colonial Sky Knoll","12/08/2012"
709168,11612,"Kimberley Harrop","MALE","59030 Iron Stone View","07/02/2013"
788760,17825,"Jill Esquivel","FEMALE","14198 Rustic Feather View","06/30/2013"
755428,12111,"Ernest Beard","FEMALE","17263 Birch Nut Pass","07/26/2013"
702504,11824,"Arthur Perez","FEMALE","4444 Pearl Nectar Highlands","05/12/2013"
703399,17432,"Ada Stanton","FEMALE","1382 Shady Pebble Trace","02/11/2013"
778222,15505,"Lydia Davidson","MALE","10486 Blue Oak Trek","05/11/2013"
774999,19616,"Loretta Holmes","FEMALE","66 Iron Dale Gardens","07/30/2013"
781645,11648,"Lahoma Ensor","MALE","63790 Hidden Bluff Bank","12/25/2012"
791443,18862,"Mary Clever","MALE","46480 Square Pony Villa","06/30/2013"
792092,17593,"Joseph Sullivan","FEMALE","75092 Velvet Barn Grove","12/04/2012"
749557,11847,"Albert Murdock","FEMALE","60267 Colonial Timber Terrace","12/19/2012"
793447,12993,"Veronica Mercier","FEMALE","24627 Foggy Fox Place","09/24/2012"
784502,10348,"John Raleigh","FEMALE","5803 Sweet Bird Meadow","12/23/2012"
776089,19062,"Monica Powell","FEMALE","16197 Bent Brook Pike","07/07/2013"
796954,11524,"Ora Nord","MALE","1512 Indian Dale Trek","06/26/2013"
785979,19679,"Shirley Little","FEMALE","16667 Umber Maple Falls","04/29/2013"
775159,10753,"Adam Spencer","FEMALE","28226 Blue Shadow Arbor","06/25/2013"
763456,19322,"Nelson Mefford","MALE","17066 Sweet Beaver View","05/21/2013"
764836,17514,"Ronald Mayer","MALE","67728 Stony Berry Glen","07/03/2013"
765171,10347,"Laura Johnson","FEMALE","25779 Heather Apple Lagoon","03/28/2013"
734651,15417,"Iris Kidd","MALE","34389 Auburn Grove Chase","06/20/2013"
759367,15792,"Alan Stewart","MALE","56644 Colonial Cottage Court","04/09/2013"
737815,15445,"Gary Odell","OTHER","68493 Twin Blossom Vale","07/11/2013"
718157,13503,"Lawrence Quinones","MALE","96567 Happy Horse Bank","07/23/2013"
733199,13546,"Christine Williams","MALE","78332 Rocky Nut Bend","07/19/2013"
702762,17787,"Daryl Duncan","FEMALE","42542 Golden Elm Road","07/31/2013"
760758,12610,"Robin Otte","FEMALE","7431 Cozy Creek Lace","07/11/2013"
756981,12941,"Gene Sanchez","FEMALE","10947 Indian Snake Street","07/24/2013"
796094,10191,"Nicole Wessels","FEMALE","706 Cozy Cloud Shoal","05/22/2013"
773909,16567,"John Beverly","MALE","84040 Velvet Rabbit Trail","03/05/2013"
757365,12478,"Karen Carmona","FEMALE","2090 Rustic Lamb Cove","02/10/2013"
741798,18460,"Trevor Masten","FEMALE","18928 Cozy Brook Gate","06/29/2013"
759605,15346,"Denise Muniz","MALE","13032 Pleasant Hills Vale","07/25/2013"
743776,14219,"Lillian Soto","FEMALE","141 Jagged Acorn Dell","04/01/2013"
701519,14807,"Jerry Jensen","FEMALE","64761 Sweet Snake Court","04/09/2013"
700491,10869,"Jason Santos","FEMALE","13578 Rustic Pumpkin Falls","07/08/2013"
702194,13289,"Kristine Smtih","FEMALE","34800 Rustic Nest Grove","04/30/2013"
735990,17930,"Todd Dietz","MALE","21998 Easy Apple Isle","07/18/2013"
787384,10280,"Jennifer Perez","MALE","9096 Gentle Forest Wander","02/16/2013"
708378,19178,"Celeste Serrano","MALE","7206 Pied Crow Trace","07/21/2013"
799161,19716,"Claude Dodd","FEMALE","396 Silent Lake Chase","06/29/2013"
792449,10222,"Dustin Torres","MALE","82626 Cinder Chestnut Cut","05/20/2013"
710662,17542,"Thomas Slocum","FEMALE","13358 Rocky Diamond Gardens","07/31/2013"
737700,16005,"Millard Mcnally","FEMALE","67271 Iron Log Park","01/07/2013"
746163,10768,"Larry Dill","FEMALE","50721 Sleepy Apple Gate","07/22/2013"
711304,18270,"Nona Taylor","MALE","26374 Lazy Bridge Way","07/15/2013"
747708,11170,"Kimberly Mcbrayer","MALE","67611 Dewy Squirrel Falls","05/13/2013"
750186,11218,"Kathy Long","FEMALE","33819 Shady Brook Summit","08/19/2012"
761424,10147,"Anita Pearson","FEMALE","28987 Thunder Feather Arbor","05/29/2013"
748792,12026,"Maxine Lee","FEMALE","222 Round Butterfly Chase","04/25/2013"
752162,11080,"Vernon Melendez","OTHER","490 Grand Zephyr Manor","05/22/2013"
786838,10613,"Gregory Hoffmann","MALE","48642 Jagged Holly Falls","07/19/2013"
737903,15446,"Jason Mckinney","MALE","8526 Cold Crow Mews","06/10/2013"
708029,18432,"Alvin Sosa","FEMALE","75544 Orange Hills Promenade","07/27/2013"
778588,12852,"Cindy Mason","FEMALE","90657 Fallen Mill Niche","07/09/2013"
789566,19109,"Joanne Metzler","FEMALE","31450 Quaint Nectar Terrace","06/21/2013"
705189,16687,"Jennifer Finn","MALE","5842 Old Deer Drive","07/31/2013"
716288,12233,"Timothy Vivier","MALE","8674 Harvest Harbor Way","11/10/2012"
788528,12798,"Ella Leone","MALE","3053 Rocky Dove Wander","04/25/2013"
749977,12441,"Jason Reynolds","FEMALE","40475 Long Butterfly Quay","02/04/2013"
733357,17075,"Cleo King","MALE","11393 Sleepy View Point","05/20/2013"
791317,10395,"Herman Haley","MALE","810 Quaking Beaver Lace","05/01/2013"
758085,11339,"Gerald Rue","FEMALE","53 Cozy Apple Flats","07/30/2013"
767221,10118,"Richard Moore","FEMALE","237 Foggy Panda Rove","01/14/2013"
774595,14312,"Clifford Martinez","MALE","17943 Bright Berry Turn","06/21/2013"
740008,17222,"Robert Baker","FEMALE","17982 Harvest Forest Dell","11/22/2012"
794748,17175,"Willie Elmore","MALE","59803 Twin Fawn Heights","06/21/2013"
704332,14881,"Tony Pack","FEMALE","39729 Pied Pond Gate","07/26/2013"
741971,11317,"Dorthy Taylor","MALE","8592 Cold View Knoll","04/18/2013"
733958,15442,"Donald Michaelis","FEMALE","12609 Amber Nut Vista","07/13/2013"
794917,10546,"Mary Waldrop","FEMALE","12142 Hush Cottage Ledge","05/20/2013"
790685,11905,"Walter Ruiz","FEMALE","87772 Velvet Mill Haven","06/26/2013"
749150,15069,"Sarah Fry","FEMALE","3559 Harvest Elm Arbor","11/12/2012"
768633,16696,"Annmarie Bodden","MALE","91468 Sunny Island Glade","06/17/2013"
794367,13415,"Gwendolyn Schultz","FEMALE","10441 Harvest Goat Corner","06/29/2013"
745257,16793,"Bernard Walker","FEMALE","836 Hush Pond Valley","07/04/2013"
767883,10527,"Donald Garcia","MALE","81027 White Beacon Meadow","07/31/2013"
776591,11330,"Billy Landry","FEMALE","26356 Tender Quail Alcove","07/08/2013"
724273,19361,"Robert Riser","FEMALE","26913 Lazy Goat Summit","07/27/2013"
742993,15728,"Michael Turner","MALE","1781 Windy Barn Court","02/04/2013"
791795,12613,"Stephen Marcello","FEMALE","52614 Pretty Willow Vale","06/09/2013"
736210,10699,"John Tyler","MALE","12076 Pied Lake Lane","07/03/2013"
723703,19045,"Willie Berry","MALE","94242 Long Rabbit Cove","07/07/2013"
703927,18076,"Bernard Edwards","FEMALE","38409 Small Spring Woods","04/10/2013"
769211,15064,"Mary Newton","FEMALE","8817 Amber Nest Drive","04/18/2013"
740058,14366,"Shelia Meadows","FEMALE","30235 Stony Log Meadow","02/22/2013"
754870,10400,"Jean Bourassa","MALE","1394 Cozy Lamb Terrace","06/23/2013"
781172,15150,"Mark Racine","MALE","4462 Cool Beacon Quay","03/12/2013"
770731,11583,"Shante Cooper","MALE","14063 Birch Acorn Saunter","03/03/2013"
755850,19285,"John Bartholomew","FEMALE","83534 Square Rise Dale","10/29/2012"
713308,19520,"Mayra Green","FEMALE","21892 Small Wagon Villa","04/09/2013"
769117,14145,"Andrea Jones","FEMALE","95200 Velvet Apple Chase","07/25/2013"
773949,13747,"Thomas Stout","FEMALE","1766 Emerald Cider Landing","07/24/2013"
755716,10295,"Sidney Wheaton","MALE","83584 Long Stone Quay","07/06/2013"
743529,12718,"David Gamez","MALE","137 Indian Rise Byway","05/20/2013"
765184,16172,"Margaret Kopp","MALE","40462 Birch Willow Pace","11/20/2012"
798794,10610,"Danielle Work","MALE","500 Hidden Squirrel Isle","07/31/2013"
741896,12460,"Salvador Hyder","MALE","14510 Cinder Fawn Canyon","05/14/2013"
791957,10660,"Timothy Carr","FEMALE","42170 Thunder Grove Vale","12/30/2012"
734778,13881,"Irving Boykins","FEMALE","76236 Twin Pine Bayou","06/19/2013"
754569,10690,"Pauline Padilla","MALE","6480 Cozy Forest Manor","07/02/2013"
796258,12683,"Jennifer Rivera","FEMALE","729 Lost Treasure Bend","05/30/2013"
756108,10857,"Patricia Rinehart","MALE","71788 Bright Butterfly Trek","01/16/2013"
751101,19163,"Wilford Williamson","FEMALE","6932 Clear Rock Rove","04/12/2013"
786574,17309,"Anne Dowling","MALE","7274 Burning Butterfly Circle","07/31/2013"
783591,10061,"Gary Buffington","MALE","48135 Square Beacon Bend","01/16/2013"
789045,13200,"Carlos Alexander","FEMALE","4604 Fallen Butternut Race","07/15/2013"
717841,17903,"Jean Meredith","FEMALE","3328 Clear Dale Journey","05/12/2013"
763717,17324,"Martha Jones","MALE","24753 Hush Peach Swale","04/17/2013"
702083,11771,"Patrick Kitterman","MALE","77452 Auburn Spring Pike","07/24/2013"
732512,16786,"Marla Drake","MALE","32830 Burning Chestnut Meadow","05/06/2013"
798946,15646,"Christy Thurber","MALE","22354 Umber Rock Acres","06/17/2013"
744602,12888,"Krystal Scott","FEMALE","22497 Pied Elm Lane","05/06/2013"
790314,19318,"Kyle Lawson","MALE","1981 Lazy Swan Rove","07/21/2013"
704359,18549,"Constance Rembert","MALE","244 High Butternut Summit","08/08/2012"
739094,18735,"Colleen Hardee","MALE","8070 Strong Cider Arbor","09/25/2012"
733512,16130,"Emily Trafton","MALE","5363 Old Panda Avenue","05/28/2013"
768707,11896,"Danny Bergstrom","MALE","10135 Square Stone Quay","06/27/2013"
786455,17664,"Karol Starrett","OTHER","24923 Burning Cloud Highlands","03/15/2013"
712420,11525,"Frederick Bowen","FEMALE","3167 Thunder Blossom Saunter","03/12/2013"
733174,15612,"Melanie Blanks","FEMALE","74100 Rocky Panda Falls","04/11/2013"
771940,12103,"Robert Larson","FEMALE","1275 Pretty Bird Wander","11/26/2012"
774584,12036,"Ted Bickel","FEMALE","12666 Square Elm Dell","06/13/2013"
790536,13260,"Saul Brewer","FEMALE","13409 Crimson Bridge Alcove","03/30/2013"
770276,12226,"Milly Novak","MALE","13472 Sweet Cider Haven","03/12/2013"
757701,17887,"Sonia Torres","FEMALE","93603 Emerald Creek Landing","07/17/2013"
721671,17964,"Yolando Bunyard","FEMALE","47366 Honey Island Edge","12/05/2012"
703139,11493,"Nancy Rackers","MALE","12 Calm Goat Vale","04/16/2013"
742416,14686,"Heather Culbert","FEMALE","11199 Colonial Cloud Pike","03/22/2013"
788001,19806,"Cecelia Mejia","FEMALE","69124 Red Cider Valley","03/30/2013"
753197,16921,"Michele Richardson","MALE","41877 Big Holly Journey","07/19/2013"
794309,13679,"Brian Hernandez","FEMALE","3001 Old Panda Promenade","07/21/2013"
771055,17245,"Michelle Dotson","FEMALE","63056 Harvest Castle Gardens","10/15/2012"
741649,10255,"Nicholas Blackburn","FEMALE","76061 Misty Blossom Road","10/27/2012"
774309,14711,"Willie Cook","MALE","25951 Birch Castle Corner","07/21/2013"
794722,11857,"Louis Jarvis","MALE","62349 Easy Grove Acres","04/29/2013"
740353,12079,"Edna Moore","MALE","42816 Noble Goat Glen","05/28/2013"
740462,15459,"Wendy Perez","FEMALE","2147 Merry Beacon Place","05/31/2013"
779975,16316,"Marcus Machado","MALE","57280 Quaking Shadow Run","04/10/2013"
718125,18500,"Elinor Jackson","FEMALE","69893 Colonial Pony Round","06/14/2013"
766101,14922,"Sarah Gossett","MALE","180 Hush Mill Bend","07/19/2013"
796356,16457,"Scott Martin","FEMALE","20026 Hidden Peach Saunter","04/17/2013"
767947,19976,"Steven Grimes","FEMALE","87591 Small Sky Knoll","05/13/2013"
741190,18071,"Amber Cunningham","FEMALE","26615 Heather Nectar Landing","07/29/2013"
708767,19955,"Jose Croft","MALE","84306 Lone Maple Acres","07/28/2013"
744830,16407,"Ann Mack","FEMALE","51931 Easy Harbor Alcove","07/28/2013"
720633,17870,"Lee Currier","MALE","61481 Crystal Pebble Run","05/31/2013"
774484,18373,"Marjorie Schimmel","MALE","14071 Long Hills Pike","05/05/2013"
789481,12534,"Margaret Allen","MALE","18627 Shady Castle Round","07/20/2013"
711018,18050,"Rachel Stewart","MALE","22363 Tawny Blossom Pass","07/25/2013"
796855,10598,"Ralph Neal","MALE","19356 Clear Nectar Vista","07/19/2013"
753531,12251,"Doris Roberts","MALE","29999 Foggy Beacon Park","02/19/2013"
775578,15413,"Claudia Green","FEMALE","18 Lonely Treasure Gardens","04/09/2013"
776494,11764,"Sandy Ray","FEMALE","386 Sweet Nut Falls","03/28/2013"
743132,14095,"Ruth Abeyta","FEMALE","98 Jagged Elk Way","05/29/2013"
709091,18148,"Dorothy Mason","MALE","12050 Rough River Canyon","03/03/2013"
763923,12747,"Steven Glasgow","FEMALE","11022 Thunder Goat Promenade","07/04/2013"
755406,18564,"Charlotte Hawkins","MALE","18425 Heather Blossom Point","09/25/2012"
754164,15053,"Kristi Harden","OTHER","95623 Umber Turtle Isle","06/12/2013"
763519,12868,"Mary Ellington","MALE","72145 Sunny Goat Bank","06/05/2013"
760241,12647,"Christopher Easton","MALE","3 White Stone Round","05/15/2013"
739919,11929,"Allison Wilson","MALE","52211 Twin Anchor Acres","06/23/2013"
762967,15880,"Jennifer King","MALE","363 Harvest Mountain Turn","07/04/2013"
738670,15724,"Patricia Neal","FEMALE","65752 Crimson Mill Bayou","08/15/2012"
766596,14339,"Joseph Spears","MALE","29201 Burning Dove Journey","07/02/2013"
709732,14193,"Gina Johnson","FEMALE","80257 Grand Wagon Saunter","03/08/2013"
778490,14971,"Marsha Garcia","FEMALE","9199 Dusty Quail Bend","02/10/2013"
718141,17780,"Dominic Miller","MALE","32918 Crimson Fox Lagoon","09/27/2012"
707049,17750,"Elmer Kelly","OTHER","28530 Cozy Diamond Swale","07/18/2013"
773006,15324,"Christopher Rodgers","FEMALE","19754 Silent Treasure Point","06/26/2013"
712629,16868,"Kim Miller","FEMALE","56819 High Goose Bank","07/21/2013"
760135,17952,"Charles Mccoy","FEMALE","92758 Sweet Feather Highlands","05/12/2013"
785491,12969,"Dale Walker","MALE","22028 Iron Bear Cut","05/30/2013"
789352,18718,"Ruth Wagner","MALE","1043 Indian Rabbit Stead","01/09/2013"
779891,11129,"Alexis Slater","MALE","44725 Green Chestnut Avenue","04/16/2013"
718688,19908,"Maribel Jackson","MALE","30299 Honey Pony Bank","12/16/2012"
760125,14046,"Adam Davidson","FEMALE","2474 Rose Chestnut Crest","05/23/2013"
779866,19289,"Karen Carpenter","MALE","10818 Pied Hills Valley","03/23/2013"
735106,12649,"Tina Delahoussaye","MALE","12089 Cotton Butterfly Shoal","07/26/2013"
761449,14483,"Sue Mitchell","FEMALE","96047 Dusty Butternut Mews","09/07/2012"
796351,16321,"Henry Wicks","FEMALE","61150 Round Elk Grove","03/25/2013"
719800,12818,"Becky Barnes","MALE","3369 Pearl Berry Rove","04/21/2013"
755466,16304,"Jefferson Ruiz","FEMALE","63063 Red Treasure Stead","03/01/2013"
706352,15796,"Charles Howser","MALE","9151 White Bird Street","07/04/2013"
715218,12467,"Scott Neal","FEMALE","13813 Easy Butternut Drive","07/25/2013"
732995,18310,"Lillie Klug","MALE","63689 White Pony Woods","06/22/2013"
789349,10995,"Amy Burtch","MALE","89872 Lone Peach Heights","07/12/2013"
717662,17136,"Herbert Delee","FEMALE","11384 Rustic Goat View","06/12/2013"
796935,19498,"Jennifer Smith","MALE","19611 Umber Sky Trail","03/29/2013"
702722,19562,"Richard Mejorado","MALE","98911 Tender View Terrace","07/17/2013"
766786,13079,"Bethany Edwards","MALE","48057 Fallen Mountain Landing","11/30/2012"
791176,15641,"Avery Vargas","MALE","68680 Silent Forest Isle","06/14/2013"
788745,15546,"Melvin Lorentz","FEMALE","11796 Ivory Spring Cut","07/01/2013"
742915,17563,"Robert Tate","MALE","11634 Umber Creek Point","05/28/2013"
789421,17879,"Jose Leonard","FEMALE","604 Hazy Willow Twist","05/30/2013"
724572,11302,"Mary Mills","MALE","36033 Lone Elm View","04/30/2013"
751518,17504,"Annie Daugherty","FEMALE","99359 Cinder Anchor Trail","04/02/2013"
797394,19034,"Ronald Walton","MALE","31720 Amber Pumpkin Falls","05/27/2013"
790356,18878,"Betty Neal","MALE","67076 Sunny Cottage Trace","05/15/2013"
739471,14208,"Donald Brown","FEMALE","618 Crystal Holly Swale","07/26/2013"
716051,10170,"Amparo Geno","FEMALE","11551 Round Leaf Dell","06/17/2013"
768577,14253,"Debra Trisler","FEMALE","15839 Grand Sky Meadow","07/16/2013"
727691,12472,"Mildred Henderson","MALE","95566 Old Elm Round","04/23/2013"
768991,18907,"Kristen Fowler","FEMALE","29124 Silver Nut Stroll","05/01/2013"
714891,12463,"Agnes Woodward","MALE","835 Little Diamond Circle","04/29/2013"
775902,18626,"Jennifer Kramer","FEMALE","28175 Jagged Pine Circle","05/19/2013"
757940,11157,"Robert Mckinney","FEMALE","19853 Colonial Dale Corner","04/19/2013"
712503,18418,"Victor Matthew","MALE","984 Birch Barn Hollow","03/24/2013"
798632,19453,"Chris Ramirez","FEMALE","53645 Burning Bear Vale","06/24/2013"
774754,11039,"Kara Degraw","FEMALE","5441 Lazy Beaver Isle","01/06/2013"
744691,14279,"Jason Wilkerson","FEMALE","55061 Long Creek Summit","07/06/2013"
746719,12577,"Harley Wickstrom","FEMALE","73388 Lone Apple Cut","07/04/2013"
748115,17564,"Kathy Gonzalez","FEMALE","58297 Green Feather Arbor","07/20/2013"
762975,18576,"Juan Howle","MALE","44950 Misty Cloud Trek","06/23/2013"
731159,18448,"Heather Mcgowan","MALE","12 Pied Butterfly Place","04/08/2013"
756117,14419,"Louis Lawson","FEMALE","5816 Birch Butternut Place","04/06/2013"
798618,10815,"Brian Lopez","MALE","56445 Sleepy Lake Round","07/15/2013"
768041,10778,"Richard Meriwether","MALE","418 Cold Harbor Vale","02/23/2013"
777718,15058,"Henry Hamilton","MALE","20840 Crystal Prairie Manor","04/27/2013"
720145,11066,"Hattie Mccoy","FEMALE","32270 Blue Barn Pace","11/13/2012"
795499,11280,"Laurence Sternberg","FEMALE","613 Umber Hickory Woods","02/06/2013"
767600,12295,"Elsie Obrien","MALE","11871 Fallen Axe Dell","06/26/2013"
796356,14099,"Joanne Mcmichael","MALE","12276 Lonely Beaver Lace","07/11/2013"
740859,18433,"Mike Mingle","MALE","68464 Sleepy Crow Lane","06/12/2013"
707797,10417,"Kelvin Coon","MALE","10912 Silver Log Mews","06/09/2013"
736951,16721,"Katie Venegas","MALE","33046 Tawny Berry Rove","04/06/2013"
708289,10808,"Sook Walters","MALE","57229 Rocky Apple Meadow","03/30/2013"
787130,15879,"Jacklyn Coats","MALE","62821 Birch Rock Lane","05/08/2013"
795578,16597,"Rebecca Fields","MALE","11389 Crimson Bird Park","01/30/2012"
781719,12028,"Barbara Mendez","MALE","2663 Broad Bear Knoll","02/09/2013"
748139,13054,"Susan Larson","FEMALE","12247 Harvest Lake Cove","08/11/2012"
763947,14046,"Deborah Pratt","MALE","13384 Rose Pond Rove","06/24/2013"
789918,18864,"Ardell Torbert","MALE","49 Green Hills Drive","03/01/2013"
718658,14129,"Renee Pauley","MALE","11149 Big Pine Orchard","06/27/2013"
739606,10632,"Christie Martinez","FEMALE","5910 Rocky Bluff Pike","05/02/2013"
783857,10607,"Bessie Tate","FEMALE","26251 Shady Deer Bayou","01/12/2013"
739520,16825,"Beverly Kite","MALE","16 Merry Island Stead","07/02/2013"
735868,16791,"Robert Bailey","MALE","66422 Little Lake Meadow","07/27/2013"
744894,10401,"George Massie","MALE","5133 Green Log Way","07/21/2013"
709292,14272,"Dorothy Burdick","MALE","34482 Hazy Harbor Glen","05/24/2013"
741865,11908,"Wes Sena","FEMALE","96750 Big Leaf Trek","06/22/2013"
753475,10539,"Cassandra Guthrie","FEMALE","17873 Bright Turtle Highlands","07/29/2013"
753087,18878,"Victoria Rahman","MALE","17806 Jagged Lake Ramble","07/04/2013"
747979,15555,"Helen Mendoza","MALE","47909 Quaking Stone Landing","12/20/2012"
717295,11544,"Jonna Robinson","FEMALE","15476 Gentle Spring Bend","05/26/2013"
715644,10083,"Catherine Ramirez","MALE","94366 Little Pebble Street","05/27/2013"
726545,19203,"Shannon Kendrick","MALE","22910 Umber Bear Ledge","04/11/2013"
704660,11940,"Jennie Vassallo","MALE","51845 Twin Wagon Point","05/26/2013"
798143,18172,"Ralph Ortiz","FEMALE","91339 Clear Leaf Trail","01/01/2013"
724825,14236,"Daniel Johnston","FEMALE","53570 Cold Pine Landing","05/31/2013"
712892,10323,"Joy Sanders","MALE","34016 Iron Pony Crest","03/18/2013"
726952,17013,"Richard Smith","FEMALE","20790 Stony Mill Nook","07/31/2013"
726761,15997,"Hildegard Medeiros","FEMALE","41759 Bent Maple Bank","11/21/2012"
747632,19778,"Clinton Pitre","FEMALE","661 Thunder Crow Knoll","07/04/2013"
725578,18423,"Katie Jeffrey","MALE","33261 Velvet Cloud Journey","12/30/2012"
758617,12935,"Thora Simpson","FEMALE","78922 Sleepy Hills Mews","05/15/2013"
774846,19810,"Martha Money","FEMALE","55759 Cold Bird Path","07/19/2013"
707450,19730,"Malissa Zambrano","FEMALE","3813 Indian Shadow Run","05/30/2013"
752684,18582,"Tammy Esposito","MALE","26752 Still Pumpkin Gate","06/30/2013"
720387,15780,"Betty Traynor","FEMALE","17046 Gentle Goose Meadow","06/14/2013"
796267,15912,"Anna Avery","MALE","28230 Windy Axe Promenade","05/19/2013"
765852,10657,"Diane Crane","FEMALE","80094 Cozy Pony Trek","06/20/2013"
704738,18671,"Sara Gibbs","MALE","81684 Shady Nut Farms","03/27/2013"
740625,17654,"Chris Cole","MALE","62822 Big Embers Point","07/25/2013"
741430,17480,"Linda Perez","FEMALE","92201 Calm Bear Gardens","05/23/2013"
778031,10061,"Angelina Keely","MALE","53989 Heather Nectar Gardens","05/09/2013"
769481,15368,"Robert Ordonez","FEMALE","49126 Rough Acorn Bend","01/28/2013"
739564,12325,"Shirley Pate","FEMALE","58330 Cinder Swan Villa","05/30/2013"
788284,11754,"Erica Hobbs","MALE","42260 Grand Castle Ramble","02/04/2013"
797883,13294,"Ann Williams","MALE","50364 Emerald Leaf Drive","03/23/2013"
774286,14535,"Patricia Novick","MALE","85391 Misty Rock Lane","07/13/2013"
777632,14292,"Joshua Poch","FEMALE","10337 Easy Blossom Arbor","07/18/2013"
736496,17371,"Robin Vick","MALE","51525 High Holly Round","12/26/2012"
792229,14369,"Keith Yang","FEMALE","84782 Middle Sky Pass","04/27/2013"
775763,13951,"Edward Simpson","FEMALE","31728 Cotton Cottage Haven","04/10/2013"
786936,17942,"Aaron Brown","MALE","88125 Hidden Prairie Canyon","03/19/2013"
754202,19049,"Raymond Stewart","MALE","4739 Dusty River Stead","07/27/2013"
722103,19844,"Thomas Caddell","FEMALE","60102 Foggy Rock Quay","07/20/2013"
730273,10772,"Carmen Favors","MALE","73589 Colonial Diamond Avenue","04/09/2013"
793238,15234,"Todd Freeman","FEMALE","51283 Cinder View Arbor","03/05/2013"
797552,11726,"Frances Frazier","MALE","35566 Square Dove Lane","04/19/2013"
709763,14646,"Teresa Bray","MALE","36715 Pretty Berry Manor","03/28/2013"
783077,16982,"Lynnette Gilbert","MALE","65279 Amber Peach Isle","06/21/2013"
750237,19312,"Michael Richards","FEMALE","30276 Cool Swan Chase","07/19/2013"
761695,11414,"Clarence Hill","FEMALE","4035 Umber Dale Cove","09/27/2012"
757107,18196,"Richard Bullock","MALE","21801 Fallen Butterfly Terrace","06/29/2013"
719893,16454,"Angel Willsey","MALE","94400 Windy Dale Alcove","06/01/2013"
780163,15977,"Joan Peterson","MALE","20228 Round Butternut Race","06/02/2013"
731240,16391,"Matthew Wilson","FEMALE","1625 Long Pumpkin Road","03/24/2013"
729128,18757,"Rose Gilland","MALE","21182 Rough Stone Knoll","06/22/2013"
795848,15055,"Gwendolyn Rogers","FEMALE","9502 Green Cloud Bluff","07/12/2013"
712115,14492,"Robert Webster","FEMALE","23823 Lone Bridge Glade","10/30/2012"
716344,12004,"George West","FEMALE","19255 Cozy Blossom Quay","04/15/2013"
779230,16981,"Mary Gardner","MALE","4902 Quaking Zephyr Dell","05/20/2013"
753893,17431,"Wanda Burton","MALE","50241 Lazy Nest Avenue","05/26/2013"
755141,13451,"Suzanne Vigil","MALE","9387 Golden Goat Turn","07/15/2013"
710169,16441,"Susan Grubbs","MALE","47548 Red Cloud Quay","06/25/2013"
754675,12442,"Helen Williams","MALE","1417 Stony Castle Run","06/16/2013"
737898,15188,"Selma Sharp","MALE","80878 Green Embers Pass","07/25/2013"
790669,19655,"William Clayton","MALE","16469 Quaking Feather Arbor","04/05/2013"
709360,12701,"Chad Andersen","MALE","76564 Indian Beacon Niche","02/16/2013"
778985,18237,"Taryn Renfro","MALE","26653 Tender Dove Round","01/19/2013"
716850,10103,"Lucille Gallo","MALE","14069 Calm Hickory Pike","07/30/2013"
750967,11605,"Elaine Masterson","MALE","18203 Still Acorn Estates","04/22/2013"
714286,11479,"Matthew Huggins","MALE","18978 Rose Holly Ridge","07/10/2013"
718272,19003,"Michael Andrew","MALE","6214 Quiet Nectar Turn","04/27/2013"
735308,19980,"Maggie Hayes","MALE","39023 Turning Cottage Meadow","07/14/2013"
742443,17187,"Lanny Hanson","MALE","8704 Pearl Nut Journey","07/25/2013"
714502,16964,"Rebecca Trent","FEMALE","34279 Rustic Willow Trace","04/10/2013"
776573,12528,"Cleo Shuffler","MALE","49608 Quaking Pony Saunter","07/24/2013"
756074,16169,"Eugene Williams","MALE","30393 Grand Deer Farms","07/08/2013"
740249,14003,"Marvin Meek","MALE","2881 Merry Dale Lagoon","04/05/2013"
775252,16977,"Barbara Prejean","FEMALE","5416 Heather Bluff Villa","11/24/2012"
773549,17580,"Danielle Romero","MALE","12071 Harvest Treasure Place","04/08/2013"
717642,13134,"Christine Crist","FEMALE","47517 Old Pebble Rove","06/12/2013"
740528,13323,"Armando Carter","MALE","1040 Quaking Panda Avenue","05/19/2013"
723924,10559,"Pamela Willman","FEMALE","666 Calm Fawn Dell","06/26/2013"
708638,19531,"Jeffery Rogers","MALE","57414 Lazy Blossom Vista","10/21/2012"
739338,13427,"Anna Sheehan","FEMALE","1020 Thunder Butternut Valley","07/14/2013"
798732,11213,"William Higbee","MALE","11663 Orange Elk Highlands","01/05/2013"
735388,13346,"Phyllis Henderson","FEMALE","1402 Red Beacon Quay","05/11/2013"
737566,13383,"Jerry Foster","MALE","19047 Iron Prairie Wander","04/07/2013"
750917,14949,"Jennifer Gregory","FEMALE","17645 Crystal Acorn Vale","11/18/2012"
776666,15240,"John Adams","MALE","36718 Pretty Anchor Stroll","12/30/2012"
762734,15450,"Boyd Lewis","MALE","21130 Square Brook Avenue","06/03/2013"
703138,11896,"Michelle Britt","FEMALE","31436 Quiet Forest Quay","06/01/2013"
757213,17151,"Brook Walters","MALE","13485 Lazy Pine Gate","07/28/2013"
790199,17893,"Bradley White","OTHER","838 Grand Barn View","03/20/2013"
737934,18625,"Melissa Lopiccolo","OTHER","87206 Pied Bluff Park","07/27/2013"
701411,10155,"Wendell Fraser","MALE","90275 Hush Pony Cut","07/23/2013"
706922,16811,"Aaron Luke","FEMALE","91602 Red Cottage Meadow","03/17/2013"
765992,17522,"Dustin Gallo","FEMALE","35949 Birch Goat Vista","05/31/2013"
730957,16079,"Alice Noon","FEMALE","11536 Dewy Pioneer Saunter","02/12/2013"
768686,14200,"Walter Diaz","MALE","29682 Still Turtle Road","07/13/2013"
753281,10636,"Caitlin Green","MALE","79585 Quiet Nut Promenade","07/06/2013"
778681,14590,"Amy Mead","FEMALE","20421 Little Nest Trek","06/02/2013"
704860,18740,"Nora Porter","MALE","52016 Emerald Autumn Villa","07/17/2013"
751669,19971,"Brittany Sullivan","FEMALE","46607 Honey Crow Haven","07/18/2013"
736617,12702,"Cathy Reichard","FEMALE","3463 Rustic Hills Arbor","06/24/2013"
787659,17285,"Mario Serafin","MALE","17007 Twin Autumn Knoll","07/20/2013"
767912,11414,"Thomas White","MALE","45231 Hush Anchor Circle","06/03/2013"
750022,15341,"Christy Walls","FEMALE","27201 Grand Cider Manor","05/27/2013"
780200,11499,"Soo Jackson","FEMALE","8037 Blue Branch Bluff","05/24/2013"
758351,16948,"Jose Johnson","FEMALE","2522 Turning Axe Point","07/01/2013"
711937,13264,"Lisa Huff","MALE","1851 Hush Brook Bend","07/27/2013"
709788,16818,"John Dickerson","MALE","2372 Burning Deer Niche","02/06/2013"
718521,10245,"Linda Oliphant","MALE","25454 Pretty Panda Street","07/31/2013"
705657,18179,"Dane Caldwell","FEMALE","86 Twin Log Edge","10/25/2012"
702238,17477,"Celestine Romero","MALE","1246 Sunny Prairie Round","04/15/2013"
778886,11191,"Juliana Hufford","MALE","141 Pretty Robin Pace","06/16/2013"
710809,10294,"Kevin Klein","FEMALE","650 Quaint Cottage Arbor","03/26/2013"
745496,10079,"Charles Nevarez","FEMALE","2463 Red Shadow Bank","05/26/2013"
747418,15031,"Clifton Jones","FEMALE","28920 Old Brook Isle","07/15/2013"
769648,18104,"Brad Greene","MALE","167 Tender Fox Villa","05/06/2013"
770577,16605,"Lucy Dobbs","FEMALE","40376 Hazy Mountain Pike","05/26/2013"
760430,11111,"Regina Butler","FEMALE","49673 Silent Panda Pike","07/17/2013"
784597,13504,"Yvette Hackney","MALE","1882 Shady Robin Park","02/13/2013"
700974,10131,"Katie Simpson","FEMALE","910 Heather Swan Trail","07/08/2013"
768114,12134,"Dorothy Keyes","FEMALE","55595 Rustic Sky Avenue","04/04/2013"
710558,13065,"Robert Gallagher","FEMALE","35107 Cotton Log Circle","02/11/2013"
702960,13327,"Roland Clair","MALE","273 Stony Hickory Trek","01/03/2013"
774624,15258,"Richie Franklin","MALE","6715 Long Timber Farms","03/05/2013"
783552,16104,"Mildred Brandon","FEMALE","49152 Lazy Wagon Race","07/01/2012"
778366,18061,"Carol Purdy","MALE","42264 Auburn Sky Lane","03/31/2013"
718268,15768,"Barry Mitchell","FEMALE","10597 Birch Apple Landing","03/21/2013"
714566,17822,"Irene Jaramillo","FEMALE","2473 Big Cider Journey","04/20/2013"
706341,17133,"Joelle Mendell","FEMALE","43526 Grand Nectar Summit","01/09/2013"
744168,16829,"Joanne Johnson","FEMALE","11016 Sweet Fox Park","07/10/2013"
799341,18452,"Heather Rhyne","FEMALE","50288 Tender Axe Lace","10/06/2012"
758943,18686,"Frances Ortiz","MALE","23748 Merry Spring Arbor","09/20/2012"
741523,14557,"Maria Jack","MALE","71971 Still Snake Cove","05/28/2013"
705715,12298,"Raul Garren","FEMALE","58768 Middle Feather Dale","08/13/2012"
759201,11225,"Faye Burdette","MALE","11178 Sandy Feather Bend","03/08/2013"
767299,12063,"Terry Clinton","MALE","9839 Little Hickory View","01/24/2013"
737181,16435,"Amy Millay","FEMALE","20921 Emerald Elk Knoll","06/24/2013"
738665,19628,"Gina Dunfee","MALE","26548 Sandy Axe Path","05/11/2013"
737399,10792,"George Farnsworth","FEMALE","276 Burning Pine Villa","06/03/2013"
764376,19383,"Juan Brewington","MALE","698 Sleepy Turtle Race","05/15/2013"
707908,18807,"Walter Rodriguez","MALE","1241 Ivory Lamb Glade","02/16/2013"
711669,14052,"Manuel Mccleary","MALE","2762 Sandy Robin Court","05/28/2012"
710540,14157,"Stanley Albert","FEMALE","98682 Emerald Forest Estates","11/07/2012"
717122,16218,"Jimmy Shively","MALE","44393 Gentle Swan Trace","05/13/2013"
739471,12389,"Eartha Brawner","FEMALE","85077 Lazy Anchor Swale","05/30/2013"
792901,12520,"Barbara Sullivan","MALE","67205 Round Forest Arbor","07/08/2013"
725915,14665,"Amanda Mason","MALE","64908 Still Quail Pace","07/15/2013"
738202,18752,"William Byrnes","MALE","72923 Indian Wagon Mews","04/19/2013"
742929,17418,"Laura Taylor","MALE","6956 Ivory Pond Haven","04/13/2013"
733704,17255,"Maria Goldberg","FEMALE","4443 Rocky Diamond Round","07/14/2013"
734306,18264,"Vicki Rhodes","MALE","562 Sandy Acorn Road","04/17/2013"
774943,18072,"Mary Santoyo","MALE","71068 Silver Fox Trail","01/31/2013"
701508,16872,"Gloria King","FEMALE","779 Gentle Anchor Lane","03/05/2013"
738189,18836,"Peter Murphy","FEMALE","33808 Dusty Island Falls","05/14/2013"
767708,10136,"Christopher Wadley","MALE","42607 Lonely Cottage Race","07/18/2013"
752414,13505,"Daniel Tarleton","MALE","12287 Ivory Zephyr Ramble","01/16/2013"
793320,10349,"Ruth Hite","MALE","19062 Happy Log Dale","07/26/2013"
750877,17797,"Socorro Soriano","MALE","91016 White Deer Ridge","05/01/2013"
720862,17210,"Roy Carreon","MALE","15287 Amber Treasure Chase","07/30/2013"
728602,15862,"Mary Martin","FEMALE","3039 Middle Feather Valley","04/12/2013"
728054,18319,"Kevin Nutt","MALE","56676 Twin Fawn Grove","07/02/2013"
747031,18069,"James Markham","MALE","22093 Birch Willow Villa","01/31/2013"
737764,19350,"Darlene Rodriguez","FEMALE","86712 Lazy Treasure Pace","07/27/2013"
740150,14316,"Mary Messina","FEMALE","46407 Middle Lamb Nook","12/25/2012"
799544,14681,"Donald Morones","FEMALE","5045 Broad Cloud Woods","04/29/2013"
766635,17858,"Susanne Nealey","MALE","10162 Cold Spring Alcove","06/19/2013"
797086,10713,"Joey Noles","FEMALE","31490 Amber Nut Ramble","05/24/2013"
765874,16191,"Rita Tyrrell","MALE","17433 Umber Rise Pike","12/01/2012"
744538,11683,"Mark Peele","FEMALE","4694 Crystal Forest Orchard","02/26/2013"
760537,18783,"Norma Stout","MALE","83651 Gentle Butternut Park","06/04/2012"
782513,14000,"Daniel Gunderson","FEMALE","2141 Middle Diamond Ramble","05/03/2013"
731181,13540,"Angela Cole","FEMALE","178 Noble Bluff Orchard","07/04/2013"
709676,16207,"Patrick Berryhill","MALE","29842 Sweet Chestnut Acres","08/13/2012"
760607,10700,"Anita Powell","MALE","4368 Sunny Nut Terrace","07/24/2013"
783790,10501,"Heather Mccarthy","MALE","9566 Calm Wagon Byway","10/13/2012"
795111,18145,"Juanita Parson","FEMALE","83923 Small Hickory Woods","06/03/2013"
710601,16952,"Chad Horton","MALE","33183 Orange Squirrel Ramble","04/11/2013"
745766,13541,"John Loper","MALE","23336 White Creek Jetty","07/10/2013"
742209,16705,"Marcia Young","MALE","99645 Amber Forest Canyon","06/27/2013"
761503,18432,"Frank Melendy","MALE","94345 Hazy Deer Villa","06/04/2013"
791897,11985,"Robert Anderson","MALE","92415 Quaint Mountain Place","05/09/2013"
736837,15470,"Robert Brazelton","FEMALE","12350 Emerald Elm Twist","05/15/2013"
797762,10359,"Emily Wagner","FEMALE","50324 Clear Butternut Meadow","07/11/2013"
758857,11258,"Carolyn Wagner","FEMALE","7067 Umber Bluff Street","01/01/2012"
703352,15194,"Randall Sanchez","MALE","19721 Quaint Cloud Trail","03/13/2013"
731502,12382,"Lakeisha Slocum","MALE","5859 Golden Rock Journey","11/27/2012"
720525,17706,"Debra Vaccaro","FEMALE","16685 Sunny Pond Niche","05/08/2013"
734040,18757,"Sharon Ledbetter","FEMALE","36732 Crimson Barn Edge","09/29/2012"
707233,17983,"Benjamin Bean","MALE","5 Merry Fawn Corner","02/17/2013"
734249,10035,"Angel Johnson","FEMALE","33759 Lazy Maple Bank","07/15/2013"
769102,17284,"Steven Lambert","MALE","12905 Pleasant Panda Corner","05/04/2013"
781593,17945,"Johnny Green","OTHER","645 Quiet Crow Saunter","05/14/2013"
718571,17418,"Peggy Castro","FEMALE","81293 Round River Highlands","07/12/2013"
732663,16439,"Joan Juarez","FEMALE","115 Bright Stone Canyon","07/08/2013"
707011,13715,"Jo Hairston","FEMALE","97916 Dewy Panda Drive","04/12/2013"
742355,12387,"Dale Lewis","MALE","33846 High Swan Haven","07/30/2013"
710120,10144,"Yong Carlson","MALE","7964 High Hickory Trail","07/23/2013"
719397,10718,"Lynn Caldwell","MALE","62632 Stony Apple Swale","07/08/2013"
704248,10006,"Mason Bird","MALE","69462 Blue Harbor Falls","01/13/2013"
787982,15011,"Jennifer Markel","MALE","21111 Jagged Forest Round","07/28/2013"
746243,18049,"Elizabeth Owens","FEMALE","80499 Merry Robin Race","05/06/2013"
717415,14580,"Alfred Shafer","MALE","594 Clear Deer Knoll","04/21/2013"
711110,12740,"Virginia Cessna","FEMALE","33918 Long Bluff Acres","05/31/2013"
768990,16129,"Thomas Hargreaves","FEMALE","17665 Turning Deer Bank","11/21/2012"
724681,10097,"Alice Leonard","MALE","37974 Blue Shadow Haven","07/29/2013"
768866,15772,"Timothy Yardley","FEMALE","82146 Dusty Pond Gardens","06/20/2013"
759423,19592,"Gladys Hull","MALE","130 Ivory Bird Circle","09/15/2012"
765248,12702,"Michael Hoelscher","MALE","66402 Still Anchor Manor","06/09/2013"
751328,16898,"Sharon Potts","FEMALE","85783 Silver Robin Acres","05/05/2013"
776534,13767,"Aaron Donovan","FEMALE","10428 Iron Wagon Shoal","06/01/2013"
719352,17476,"Marion Good","FEMALE","493 Rose Mill Meadow","06/12/2013"
784785,14826,"Dale Jones","FEMALE","67287 Thunder Forest Crest","07/29/2013"
785674,18768,"Carolyn Kowalski","FEMALE","91292 Clear Anchor Shoal","06/17/2013"
711121,11642,"Galen Fernandez","MALE","1630 Misty Willow Stead","06/05/2013"
770182,15962,"Concepcion Gadson","FEMALE","85916 Turning Nut Canyon","07/30/2013"
731495,17778,"John Alexander","MALE","12116 Cotton Acorn Rove","05/23/2013"
731396,18910,"Barbara Harwood","MALE","16556 Old Mountain Ramble","06/13/2013"
724424,10529,"Roberta Healey","MALE","3565 White View Way","07/15/2013"
748340,15452,"Samuel Bueche","FEMALE","10450 Quiet Willow Glade","07/11/2013"
767275,19834,"Wayne Vizcaino","FEMALE","40407 Merry Bear Glade","06/26/2013"
794441,18759,"Nancy Elie","MALE","58860 Tawny Grove Nook","06/10/2013"
774312,19299,"Virginia Montoya","MALE","22 Foggy Maple Farms","06/26/2013"
763063,16207,"Josephine Shufelt","MALE","79632 Lonely Feather Race","06/06/2013"
713815,19893,"Mark Mettler","FEMALE","8668 Birch Sky Stead","09/10/2012"
766398,15037,"Joshua Knox","FEMALE","26571 Lazy Embers Crest","03/12/2013"
770592,14208,"Betsy Sneed","FEMALE","9944 Crystal Cottage Glade","11/29/2012"
715724,12703,"Elizabeth Montano","FEMALE","68099 Small Bridge Alcove","05/22/2013"
798345,16938,"Gina Weidner","FEMALE","77840 Stony Shadow Park","06/18/2013"
700831,19137,"Robert Mcfadden","FEMALE","431 Rough Chestnut Court","03/31/2012"
712054,17288,"Sandra Heaton","MALE","4299 Thunder Island Lace","07/01/2013"
707410,10186,"Bessie Obrien","MALE","95952 Quaint Mill Vale","07/23/2013"
798866,19662,"Richard Upshaw","MALE","27665 Heather Bluff Lane","07/26/2013"
753293,15983,"Ronald Arroyo","FEMALE","65537 Foggy Butternut Highlands","07/07/2013"
711919,17272,"Colette Jernigan","FEMALE","56238 Hazy Pine Way","05/14/2013"
709275,19412,"Shoshana Harris","MALE","23786 Burning Holly Bank","08/04/2012"
768157,12725,"Yvonne Spano","FEMALE","282 Big Rock Terrace","06/03/2013"
714688,17692,"Betty Heredia","MALE","56412 Bright Mill Manor","06/30/2013"
756206,10578,"Lisa Laliberte","MALE","90085 Calm Snake Drive","06/04/2013"
702257,16715,"Tina Todd","FEMALE","3839 Harvest Branch Woods","03/18/2013"
798996,16810,"Doreen Kennett","FEMALE","26352 Indian Bird Shoal","06/12/2013"
752897,10484,"Timothy Whisler","MALE","34414 Bright Autumn Gate","03/10/2013"
792775,16424,"Ronald Jones","MALE","44662 Lonely Hills Falls","06/03/2013"
779479,17101,"Ann Hammond","FEMALE","50608 Indian Oak Drive","07/19/2013"
729933,19266,"Effie Francois","MALE","70856 Jagged Grove Cut","04/17/2013"
799137,13162,"Sarah Tse","MALE","631 Sandy Diamond Circle","01/11/2013"
711472,10712,"Paul Bankston","MALE","134 Quaking Anchor Avenue","07/23/2013"
707141,12443,"Irene Hester","FEMALE","21100 Easy Pumpkin Canyon","09/01/2012"
732612,17400,"Monica Diaz","MALE","51527 Still Fox Niche","02/22/2013"
741098,11351,"Jared Ybarra","MALE","46444 Lone Fox Journey","07/14/2013"
714548,13678,"George Jemison","FEMALE","6296 Calm Brook Pass","02/23/2013"
724025,15613,"Andrew Shaver","FEMALE","8110 Hush Beacon Niche","05/11/2013"
773360,18847,"Stephen James","FEMALE","402 Crystal Pond Dell","07/19/2013"
727923,14137,"Kenneth Couch","FEMALE","1572 Lonely Beaver Stead","04/19/2013"
734976,15368,"Kimberly Mix","MALE","25101 Ivory Harbor Journey","07/02/2013"
780055,11932,"Earl Dunn","FEMALE","1358 Jagged Spring Vista","07/31/2013"
764051,18119,"Laura Jones","MALE","14715 Cozy Cider Glade","12/14/2012"
741137,19229,"Roger Covey","MALE","75837 Easy Elm Manor","07/24/2013"
705034,18240,"Wendell Murray","MALE","60866 Birch Snake Grove","05/22/2013"
758518,10364,"Buddy Ross","FEMALE","2908 Turning Lake Lane","06/22/2013"
782900,17018,"Howard Gordon","FEMALE","12526 Quiet Horse Path","07/11/2013"
772086,18519,"Leticia Aguilar","MALE","76494 Thunder Diamond Journey","07/24/2013"
730654,19278,"Olivia Oliver","FEMALE","39411 Sweet Rabbit Cove","04/21/2013"
746089,11375,"Sheryl Suggs","MALE","29555 Silver Holly Rove","06/09/2013"
725535,17881,"William Harris","FEMALE","21658 Gentle Hickory Pace","04/11/2013"
738097,15922,"Terrance Logan","MALE","41522 Foggy Robin Falls","04/19/2013"
775635,19300,"Jill Nichols","FEMALE","26984 White Goat Drive","07/19/2013"
795384,14710,"Donald Cotton","FEMALE","87101 Pretty Treasure Terrace","05/31/2013"
