id,name,gender,address,first_visit
426,"Eugene Tong","FEMALE","36337 Quaking Butternut Lace","04/16/2013"
8786,"George Mckay","MALE","25420 Quaking Panda Turn","01/28/2013"
8167,"Gertrude Lanham","MALE","44693 Tender Log Vista","07/15/2013"
7565,"Gerald Treadaway","FEMALE","10081 Bright Embers Trail","06/09/2013"
4079,"Jason Thompson","MALE","44213 White Pumpkin Trail","07/14/2013"
7510,"Gladys Hodge","MALE","8997 Birch Swan Canyon","05/04/2013"
1487,"Richard Macdonald","MALE","40033 Honey Castle Glade","04/16/2013"
4684,"Aaron Wulff","MALE","64544 Stony Rabbit Gate","07/25/2013"
4097,"Lillie Huber","FEMALE","10655 Lone Beaver Drive","06/13/2013"
9749,"Angelo Williams","MALE","32823 Windy Deer Rove","07/12/2013"
9325,"Barbara Curtis","MALE","49026 Red Snake Crest","05/28/2013"
3609,"Thomas Johnson","FEMALE","9369 Cotton Branch Street","05/14/2013"
2246,"Nancy Jones","MALE","4830 Pleasant Bluff Journey","07/25/2013"
7746,"Linda Crocker","MALE","60485 Misty Squirrel Round","07/20/2013"
9426,"Glen Belmonte","MALE","3213 Lost Rise Valley","02/13/2013"
5272,"Katie Owens","FEMALE","1804 Green Oak Estates","07/10/2013"
3075,"John Saragosa","FEMALE","76342 Hidden Feather Lace","10/20/2012"
4117,"Fay Miller","FEMALE","59370 Happy Maple Avenue","07/08/2013"
3730,"Rebecca White","OTHER","28098 Heather Stone Way","05/15/2013"
4950,"Jeffrey Dill","FEMALE","41718 Emerald Diamond Stead","02/16/2013"
7280,"Reid Myers","MALE","88638 Blue Chestnut Path","06/21/2013"
1301,"Hazel Wagnon","FEMALE","38078 Calm Fawn Race","06/22/2013"
8626,"John Brabham","MALE","92731 Jagged Nectar Avenue","07/05/2013"
7663,"Marshall Gadberry","MALE","29870 Cinder Harbor Dell","06/30/2013"
5380,"Frank Bowens","MALE","12895 Small Barn Pike","01/08/2013"
2121,"Edgar Webb","MALE","174 Heather Deer Promenade","05/18/2013"
3501,"Gilberto Anderson","MALE","3807 Happy Butterfly Park","04/15/2013"
2649,"Dewayne Scarbrough","MALE","6152 Red Creek Niche","06/12/2013"
2646,"Shirley Lankford","FEMALE","49493 Windy Diamond Edge","06/28/2013"
2685,"Janice Worden","MALE","98647 Velvet Branch Round","07/07/2013"
7914,"Doris Hawley","MALE","12541 White Nest Alcove","02/19/2013"
6572,"Wayne Nolan","MALE","3227 Lost Castle Ledge","08/22/2012"
5311,"Lawrence Ryan","FEMALE","86159 Broad Pony Pace","07/18/2013"
4990,"Sandra Vasquez","FEMALE","1334 Quaking Prairie Run","03/22/2013"
2044,"Angela Nelson","MALE","12991 Bent Rise Haven","05/30/2013"
1236,"Patricia Haygood","FEMALE","1774 Hush Bluff Wander","05/17/2013"
1091,"Charlesetta Balfour","MALE","39165 Ivory Dove Landing","06/01/2013"
8914,"Tammy Bennett","MALE","2896 Tawny Crow Mews","10/30/2012"
5469,"Kevin Schramm","MALE","55471 Fallen Acorn Promenade","07/01/2013"
5025,"Dolores Feltner","FEMALE","5497 Silent Flower Meadow","07/23/2013"
488,"Hazel Waterfield","FEMALE","25686 Bright Rabbit Woods","07/05/2013"
3782,"Robert Hart","FEMALE","94854 Small Apple Pace","02/11/2013"
5813,"Natalia Hodge","MALE","63345 Foggy Cloud Road","02/15/2013"
1790,"Elaine West","FEMALE","22386 Emerald Grove Shoal","02/14/2013"
8669,"Betty Chapman","FEMALE","3501 Old Panda Gardens","07/27/2013"
3919,"Ted Conte","FEMALE","42128 Cool Pine Way","07/23/2013"
1181,"Andre Converse","FEMALE","72911 Rose Elk Mews","05/22/2013"
8839,"Wayne Vasquez","FEMALE","7689 Umber Cloud Ledge","03/18/2013"
780,"Ida Cashman","MALE","14556 Middle Log Falls","08/07/2012"
3584,"Carlos Reeder","MALE","42250 Iron Lake Jetty","05/05/2013"
7364,"Norma Levine","MALE","1182 Cool Cloud Avenue","07/02/2013"
5395,"Jeffrey Brewer","MALE","48723 Cozy Cottage Circle","06/08/2013"
9263,"Lorraine Robertson","MALE","35118 Heather Lamb Summit","07/07/2013"
7314,"Jacklyn Voelker","FEMALE","40 Green Zephyr Heights","10/06/2012"
1026,"Signe Coles","FEMALE","14843 Pied Butterfly Avenue","07/11/2013"
7353,"Thomas Graham","MALE","2422 Crystal Goat Run","04/25/2013"
9199,"Valerie Fraser","MALE","5798 Hush Rabbit Isle","01/01/2013"
2893,"Clarence Nations","FEMALE","2877 Auburn Goat Farms","03/28/2013"
8775,"Andrew Michaud","FEMALE","72562 Silent Timber Mews","07/22/2013"
3752,"Raymond Garret","MALE","32139 Middle Fawn Lane","12/24/2012"
3499,"Amy Bowens","FEMALE","22843 Easy Cloud Gardens","06/02/2013"
1741,"Mark Barnes","FEMALE","7034 Cold Swan Stead","03/18/2013"
407,"Stephen Lafrance","MALE","15889 Iron Blossom Dell","06/14/2013"
3973,"Kenneth Morrison","MALE","95132 Crimson Rabbit Glen","06/11/2013"
2780,"Tracy Bracy","MALE","38376 Iron Snake Manor","04/28/2013"
7103,"Justin Bussey","MALE","67155 White Elk Highlands","07/30/2013"
9706,"Carolyn Olsen","FEMALE","17590 Square Nectar Meadow","07/31/2013"
3219,"Gertrude Hernandez","FEMALE","21315 Lost Pine Hollow","01/09/2013"
8366,"Gary Davis","FEMALE","93711 Tender Cottage Dell","06/09/2013"
9523,"Kelly Perrin","FEMALE","86046 Quiet Creek Court","02/11/2012"
84,"James Stevens","FEMALE","2945 Green Deer Quay","07/18/2013"
6864,"Andre Mchugh","MALE","52021 Jagged Turtle Vale","07/26/2013"
827,"Tabitha Marcantonio","FEMALE","30971 Hazy Chestnut Point","12/08/2012"
889,"Charles Rupp","MALE","32687 Crystal Panda Nook","02/14/2013"
3283,"Eddie Baxter","FEMALE","12543 Windy Creek Promenade","11/30/2012"
4278,"Onita Moore","MALE","20439 Sandy Bluff Journey","07/16/2013"
212,"Wendy Macneil","FEMALE","60495 Grand Gate Wander","07/23/2013"
6248,"Melinda Reaves","MALE","77771 Red Harbor Vista","06/04/2013"
4554,"Carol Wilson","MALE","5171 Middle Rock Quay","04/14/2013"
5047,"Norberto Houser","MALE","24359 Jagged Prairie Twist","07/23/2013"
742,"Christopher Griffin","MALE","25735 Harvest Butternut Circle","02/25/2013"
3005,"Jesica Valdez","OTHER","124 Jagged Nectar Terrace","04/07/2013"
7338,"Carolyn Houston","FEMALE","16025 High Spring Quay","03/01/2013"
3363,"Margaret Flores","FEMALE","9010 Sunny Embers Journey","07/23/2013"
5946,"Dorothy Longoria","MALE","15027 Long Rock Trail","03/25/2013"
4309,"Janet Summers","FEMALE","4668 Dusty Bridge Avenue","04/02/2013"
9823,"Tammy Cook","FEMALE","4060 Indian Berry Ledge","06/19/2013"
3178,"Veda Johnson","FEMALE","1069 Turning Apple Arbor","02/08/2013"
2805,"Dennis Nowlin","FEMALE","9776 Thunder Turtle Path","04/21/2013"
9877,"Adam Green","MALE","2922 Colonial Elm Acres","01/31/2013"
7037,"Phyllis Lozier","MALE","55587 Fallen Robin Villa","06/18/2013"
1284,"Christy Phillips","FEMALE","10110 Happy Bird Mews","02/24/2013"
7129,"Deborah Bruner","FEMALE","72937 Sandy Bear Lace","02/28/2013"
4657,"Mark Brown","FEMALE","56908 Small Mountain Dell","10/15/2012"
1510,"Terence Crouch","MALE","30189 Velvet Feather Ridge","07/25/2013"
7952,"Aaron Werner","FEMALE","40640 Harvest Snake Lane","06/22/2013"
7730,"Jaleesa Bailey","MALE","56687 Sweet Robin Villa","04/18/2013"
4725,"James Saunders","FEMALE","76795 Windy Spring Acres","05/19/2013"
1070,"Janey Harper","FEMALE","57404 Heather Stone Trek","06/30/2013"
1924,"Richard Tincher","MALE","41456 Burning Nut Meadow","06/27/2013"
50,"Myron Perry","FEMALE","79277 Small Dove Grove","07/25/2013"
9987,"Heidi Miller","MALE","22538 Hidden Barn Field","06/09/2013"
1810,"Hyo Herbert","MALE","55296 Stony Blossom Quay","12/18/2012"
4430,"Albert Milligan","MALE","408 Lazy Rise Flats","09/09/2012"
4,"Vickie Morris","MALE","33298 Bent Beacon Chase","06/04/2013"
4366,"Steven Visser","FEMALE","20445 Stony View Alcove","10/23/2012"
3117,"Thomas Boyers","MALE","1327 Amber Pony Highlands","07/08/2013"
2634,"Oliver Dean","MALE","87017 Round Turtle Ridge","06/23/2013"
9459,"Kimbery Henry","FEMALE","14494 Lazy Hickory Field","04/30/2013"
6810,"Stephanie Anaya","MALE","79317 Calm Butternut Park","07/28/2013"
7513,"Paul Wiltse","MALE","12346 Fallen Spring Trek","04/10/2013"
669,"Andrew Leija","MALE","87488 Lazy Butterfly Park","12/19/2012"
3518,"Maria Mack","MALE","29413 Dewy Treasure Rove","04/29/2013"
3609,"Raymond Sontag","MALE","30724 Long Log Run","06/16/2013"
4290,"Melissa Saddler","MALE","32317 Stony Squirrel Street","05/01/2013"
8363,"Donald Summers","MALE","51965 Silver Stone Swale","03/08/2013"
8762,"Joseph Kinman","FEMALE","97810 Thunder Creek Swale","05/24/2013"
1684,"William Seawell","FEMALE","5366 Long Oak Orchard","03/30/2013"
6356,"Barry Guzman","MALE","50483 Grand Maple Run","07/18/2013"
7552,"Joshua Rodriquez","MALE","35005 Red Prairie Street","07/30/2013"
8624,"Robert Watson","MALE","67870 Jagged Dale Pace","03/06/2013"
6307,"William Burnette","MALE","3695 Silent Shadow Crest","04/16/2013"
9851,"Susan Andrade","MALE","13955 Jagged Log Manor","02/18/2013"
3379,"Stanley Howe","FEMALE","17481 Sandy Brook Alcove","07/27/2013"
5412,"Helen Haveman","MALE","6977 Hush Apple Saunter","10/30/2012"
8666,"Christy Tillman","FEMALE","12511 Cold Rabbit Promenade","05/20/2013"
6113,"Timothy Bair","MALE","10613 Quiet Pebble Trek","06/12/2013"
6876,"Shawn Kimbro","MALE","2507 Stony Elm Haven","07/08/2013"
1093,"William Hopkins","MALE","5016 Red Hickory Corner","05/20/2013"
3354,"Mark Jenkins","FEMALE","87111 Harvest Squirrel Orchard","11/08/2012"
3732,"Louis Wold","MALE","21685 Emerald Pony Gate","07/26/2013"
5644,"Thomasine Roberts","FEMALE","86720 Auburn Diamond Terrace","06/24/2012"
6433,"Lynda Fox","MALE","71931 Pearl Acorn Mews","05/16/2013"
679,"Thomas Hawthorne","MALE","2818 Old Shadow Stroll","01/08/2013"
8687,"David Norden","MALE","28669 Pied Flower Drive","05/01/2013"
4274,"Barbara Valdez","MALE","103 Birch Dale Stroll","03/28/2013"
2897,"Jeff Maffei","MALE","765 Tawny Flower Stead","01/09/2013"
8241,"Cory Hill","MALE","1199 Lonely Chestnut Dell","07/05/2013"
9847,"Diane Jackson","FEMALE","34691 Red Cloud Glade","04/11/2013"
8257,"Lisa Murphy","FEMALE","19852 Harvest Maple Circle","04/15/2013"
4756,"Devon Cromer","FEMALE","82292 Sandy Prairie Knoll","07/24/2012"
2505,"Diane Howell","FEMALE","40226 Stony Horse Road","05/29/2013"
2075,"Peggy Lopez","FEMALE","56616 Quaint Beaver Canyon","05/28/2013"
5429,"Nancy Peake","FEMALE","281 Sandy Deer Trek","05/22/2013"
2866,"William Campbell","MALE","13179 Square Embers Trek","07/26/2013"
2581,"Janet Moore","FEMALE","58829 Sandy River Trek","07/23/2013"
2289,"Vanessa Parkins","OTHER","28735 Cotton Snake Pace","07/25/2013"
5376,"Sarah Smith","FEMALE","13480 Pleasant Hills Pass","03/04/2013"
4464,"Raymond Holt","MALE","22135 Amber Treasure Niche","06/20/2013"
5528,"Helene Hill","FEMALE","509 Turning View Quay","12/05/2012"
644,"Sandra Burrus","MALE","27470 Sweet Forest Ramble","06/10/2013"
6812,"Horace Porter","MALE","29347 Thunder Grove Wander","07/04/2013"
2586,"Jannette Davis","FEMALE","23672 Gentle Branch Ramble","07/24/2013"
9597,"Ida Mcclain","FEMALE","34727 Bright Feather Villa","12/28/2012"
1308,"Julia Batten","FEMALE","5624 Stony Brook Round","07/01/2013"
8421,"Robert Williams","FEMALE","2370 Bright Peach Way","05/06/2013"
8584,"Robert Bullard","MALE","29837 Pleasant View Estates","04/23/2013"
702,"Richard Greene","FEMALE","36038 Indian Axe Bayou","06/11/2013"
3356,"George Steele","MALE","15664 Happy Quail Arbor","11/30/2012"
7623,"Dwight Harvey","FEMALE","19025 Harvest Berry Glen","04/28/2013"
6663,"Stuart Smart","MALE","16097 Old River Alcove","07/13/2013"
4496,"Cheryl Stocks","FEMALE","1919 White Apple Haven","06/12/2013"
5391,"Joseph Mitten","FEMALE","94725 Heather Lamb Circle","04/12/2013"
7179,"John Francis","MALE","13891 Lonely Branch Glade","01/24/2013"
6879,"James Major","FEMALE","50789 Old Snake Stroll","04/03/2012"
583,"Scott Manley","MALE","86951 Quaking Treasure Trail","02/22/2013"
9927,"Stephen Smith","FEMALE","6871 Broad Barn Ramble","12/27/2012"
4195,"Heidi Garza","MALE","6170 Turning Timber Isle","09/15/2012"
8756,"Brian Bryson","FEMALE","3986 Sandy Pony Twist","01/02/2013"
2566,"Ella Mann","MALE","17589 Tawny Robin Chase","06/09/2013"
4668,"Gloria Jantzen","FEMALE","63804 Dusty Willow Shoal","05/09/2013"
4922,"Rachel Camarillo","FEMALE","63 Fallen Beacon Isle","07/05/2013"
9893,"Geneva Tilley","FEMALE","45085 Thunder Pond Hollow","07/02/2013"
7160,"Stephen Jennings","FEMALE","17707 Still Oak Promenade","06/13/2013"
5620,"Frank Evans","FEMALE","93313 Velvet Fox Bluff","07/27/2013"
2231,"Edward Anzalone","FEMALE","10224 Harvest Grove Valley","03/17/2013"
2260,"John Schneider","MALE","48806 Dusty Rock Gate","06/18/2013"
3607,"David Stokes","OTHER","65789 Tender Cottage Pass","11/22/2012"
789,"Rose Schmidt","MALE","40097 Honey Pony Stead","07/26/2013"
2742,"Tony King","MALE","56796 Misty Pine Falls","07/14/2013"
256,"Pauline Gray","FEMALE","91464 Misty Squirrel Drive","06/12/2013"
4894,"Kevin Jackson","MALE","28690 Middle Horse Pace","07/12/2013"
8516,"Karl Bender","FEMALE","20021 High Apple Field","05/29/2013"
4098,"Keith Pal","MALE","8898 Big Lake Ridge","04/21/2013"
815,"Trent Adams","MALE","2003 Lazy Island Knoll","07/27/2013"
9703,"Michael Steven","MALE","79 Harvest Beacon Ramble","07/26/2013"
193,"Jennie Williams","MALE","3594 Birch Pebble Pace","04/01/2013"
61,"Mathew Keys","FEMALE","31491 Sweet Lake Jetty","06/12/2013"
7653,"George Barron","MALE","35355 Golden Cloud Knoll","07/17/2013"
3764,"Anna Sacco","MALE","28468 Burning Feather Pace","01/19/2013"
3340,"Homer Mack","OTHER","73864 Sweet Mountain Lagoon","04/13/2013"
2937,"Rico Overholt","MALE","86176 Noble Anchor Dell","03/25/2013"
836,"Johnny Taylor","FEMALE","40597 Calm Blossom Pass","04/15/2013"
6859,"Helen Rottman","MALE","24343 Blue Stone Turn","07/17/2013"
3358,"Jonathan Thibodeau","FEMALE","12251 Crimson Acorn Shoal","04/08/2013"
5468,"Mary Etzel","MALE","63962 Colonial Beaver Mews","07/24/2013"
1,"Frank Smith","MALE","26706 Merry Flower Landing","03/13/2013"
6757,"Timothy Boyd","FEMALE","2398 Long Shadow Woods","05/28/2013"
2355,"Kimberly Jones","FEMALE","30702 Umber Bird Dell","07/03/2013"
7844,"Sandra Jones","FEMALE","16415 Hidden Zephyr Road","03/31/2013"
1020,"Kenneth Belmonte","MALE","53713 Bent View Lagoon","06/06/2013"
6358,"Carmen Hughes","MALE","42515 Crystal Lake Trail","08/18/2012"
9478,"Dolores Macon","FEMALE","5023 Grand View Trace","05/01/2013"
5717,"Sara Tilman","FEMALE","36949 Red Bluff Rove","06/06/2013"
155,"Suzanne Miller","FEMALE","60439 Burning Gate Pike","04/30/2013"
8760,"Randall Gonzales","MALE","62217 Crimson Log Run","12/13/2012"
9996,"Roger Eastep","FEMALE","53026 Pleasant Wagon Hollow","05/14/2013"
4111,"Rachael Cruz","MALE","49786 Still Holly Edge","05/19/2013"
5876,"Carmen Franklin","FEMALE","2311 Tender Bridge Cut","05/27/2013"
496,"Herbert Albin","FEMALE","32745 Cozy Oak Ledge","11/02/2012"
899,"Elmer Scully","MALE","965 Windy Feather Promenade","12/02/2012"
942,"Debbie Mathews","MALE","81031 Amber Quail Mews","04/17/2013"
6467,"William Williams","MALE","39749 Rough Peach Journey","05/22/2013"
3878,"Gregory Reynolds","MALE","16395 Old Shadow Acres","05/03/2013"
2932,"Marion Kamps","MALE","37026 Happy Crow Heights","06/27/2013"
2558,"Megan Burtch","FEMALE","2179 Broad Timber Lace","05/07/2013"
3810,"Jeffrey Burgher","MALE","24297 Crimson Goose Journey","04/12/2013"
6804,"Melissa Richardson","MALE","69135 Birch Turtle Avenue","10/22/2012"
5582,"Patricia Rausch","MALE","3349 Sweet Crow Haven","05/27/2013"
3144,"Catherine Caddell","FEMALE","67154 Strong Nest Race","06/02/2013"
5322,"Jeannie Mick","MALE","57500 Crystal Turtle Dale","04/16/2013"
2329,"Alan Johnson","MALE","89147 Golden Pumpkin Grove","06/25/2013"
3757,"Earl Martin","MALE","71496 Long Goose Field","07/22/2013"
161,"Patrick Elliott","MALE","9372 Honey Squirrel Drive","05/12/2013"
630,"Kay Hunt","MALE","45996 Broad Harbor Hollow","02/07/2013"
7305,"Natalie Field","FEMALE","41173 Gentle Beaver Edge","12/22/2012"
1126,"Melissa Connelly","MALE","20250 Small Rise Bayou","05/15/2013"
8791,"Susan Clark","MALE","16916 Rocky Butternut Flats","07/24/2013"
3091,"Dora Johnson","MALE","8465 Little Branch Rove","05/07/2013"
3435,"Kevin Scanlon","MALE","55328 Old Hills Gardens","05/09/2013"
1147,"Dora Wiles","MALE","91876 Bent Elm Corner","04/01/2013"
4020,"Dillon Atkins","FEMALE","1119 High Turtle Mews","07/20/2013"
843,"Herbert Ward","FEMALE","79 Lonely Goose Woods","07/26/2012"
188,"Ronald Sexton","FEMALE","18334 Little Brook Wander","07/01/2013"
7380,"John Horrell","MALE","86022 Noble Timber Run","05/31/2013"
4818,"Eric Carter","FEMALE","49511 White Cider Road","05/26/2013"
8007,"Barbara Baron","FEMALE","81020 Green Sky Trace","11/25/2012"
8521,"Jack Bodine","FEMALE","967 Pearl Deer Crest","05/13/2013"
7881,"Gregory Sheppard","MALE","46781 Cinder Diamond Pace","06/18/2013"
8602,"Deborah Bryant","MALE","239 Pied Goat Cut","03/02/2013"
167,"Brook Updike","MALE","59153 Silent Apple Summit","05/30/2013"
6889,"Sandy Skiba","FEMALE","8777 Sleepy Sky Ledge","09/11/2012"
8715,"George Gallo","FEMALE","51954 Colonial Zephyr Lane","03/27/2013"
6747,"Denise Lee","FEMALE","35836 Sweet Apple Jetty","04/25/2013"
2966,"Tiffany Johnson","FEMALE","40890 Broad Leaf Gardens","05/20/2013"
7222,"Geraldine Fromm","MALE","516 Honey Bridge Street","07/14/2013"
6314,"Cynthia Henshaw","FEMALE","70163 Cozy Cloud Corner","07/31/2013"
2179,"Robin Bishop","FEMALE","3763 Harvest Dove Circle","03/01/2013"
1372,"David Maravilla","FEMALE","5715 Twin Deer Edge","06/12/2013"
3460,"Yahaira Holt","FEMALE","22737 High Nut Drive","07/26/2013"
2021,"James Motz","FEMALE","80478 Crystal Turtle Bluff","10/01/2012"
2177,"Violeta Nelson","MALE","51747 Calm Quail Acres","02/18/2013"
3464,"George Murphy","FEMALE","26265 Burning Log Dell","07/24/2013"
5118,"Ashley Winters","MALE","42125 Sunny Pumpkin Summit","03/19/2013"
2567,"Karen Scroggins","FEMALE","2036 Broad Quail Edge","01/27/2013"
6631,"Daniel Wang","MALE","85327 Harvest Hills Bayou","06/02/2013"
9870,"Norman Nordquist","FEMALE","94710 Big Bridge Trek","05/03/2013"
8524,"Mary Dyke","FEMALE","8030 Rustic Creek Summit","07/04/2013"
5786,"Howard Butler","MALE","9145 Pretty Harbor View","06/18/2013"
1356,"George Shelton","MALE","68875 Hidden Swan Trail","05/29/2013"
9657,"Melinda West","MALE","12052 Sleepy Willow Heights","05/15/2013"
7735,"Lillian Cramer","FEMALE","40044 Clear Swan Glade","05/25/2013"
3616,"Laurie Mroz","MALE","385 Calm Diamond Niche","05/22/2013"
1239,"Ralph Johnson","FEMALE","6822 Velvet Rise Promenade","07/27/2013"
8298,"Caroline Curiel","FEMALE","28207 Round Horse Knoll","06/03/2013"
9954,"Roberta Riley","MALE","2 Dewy Mill Haven","06/11/2013"
8773,"Lori Navarra","FEMALE","21147 Twin Dale Wander","05/08/2013"
5811,"Todd Tuttle","MALE","82862 Harvest Pony Glade","08/25/2012"
927,"Teresa Brooks","FEMALE","23333 Rustic Sky Swale","05/05/2013"
8078,"Tina Brown","MALE","3371 Red Pony Wander","02/19/2013"
5391,"Pearl Miller","OTHER","59648 Silent Crow Point","06/18/2013"
7763,"Patricia Church","MALE","47033 Silver Elk Crest","05/11/2013"
7706,"Malcom Florian","FEMALE","5002 Heather Chestnut Byway","07/31/2013"
5024,"Michael Williams","FEMALE","3457 Rose Maple Road","04/17/2013"
3740,"Maryann Ray","FEMALE","36888 Quiet Axe Ramble","01/24/2013"
4569,"Susan Archer","FEMALE","63781 Indian Holly Mews","02/16/2013"
469,"Russell Martinez","FEMALE","38748 Rustic Rabbit Woods","10/14/2012"
2395,"Donald Dyer","FEMALE","29113 Noble Oak Trace","01/09/2013"
9704,"Evelyn Sampson","FEMALE","14216 Orange Cider Road","07/20/2013"
4337,"Laura Bronk","FEMALE","8363 Cinder Squirrel Arbor","07/19/2013"
622,"Melissa James","FEMALE","5262 Square Beacon Glen","09/26/2012"
3868,"Anna Shaffer","FEMALE","74532 Lost Acorn Farms","03/03/2013"
427,"Edward Dufresne","MALE","48432 Birch Wagon Avenue","11/06/2012"
5241,"Kesha Carver","FEMALE","97273 Fallen Leaf Point","03/31/2013"
378,"Leslie West","MALE","67761 Cozy Diamond Field","03/28/2013"
9271,"Flora Deluca","MALE","37318 Blue Grove Run","02/14/2013"
4508,"Susan Singletary","FEMALE","13043 Calm Castle Ridge","05/29/2013"
9157,"Luis Escobar","MALE","5341 Velvet Holly Nook","07/21/2012"
3748,"Chandra Hicks","FEMALE","7670 Rustic Log Cove","05/03/2013"
6624,"Lisa Swingle","FEMALE","20236 Pearl Timber Bank","03/11/2013"
4708,"Dewayne Patton","MALE","60456 Lonely Pebble Niche","04/23/2013"
8821,"Christina Journey","FEMALE","67049 White Cloud Rove","07/23/2013"
5743,"Judy Williams","MALE","28917 Bright Mountain Byway","07/01/2013"
690,"Margaret Colson","FEMALE","44488 Lost Maple Twist","07/29/2013"
1049,"Vickie Irizarry","MALE","95616 Sunny Bird Run","05/30/2013"
560,"Leah Evans","MALE","83082 Gentle Wagon Orchard","06/01/2013"
3126,"Stephen Barton","FEMALE","90198 Velvet Beaver Manor","06/01/2013"
2958,"Richard Rippy","FEMALE","20502 Still Blossom Canyon","04/04/2013"
6441,"Richard Waddell","FEMALE","26311 Rocky Willow Corner","10/11/2012"
7734,"Lawrence Collins","MALE","41465 Colonial Grove Rove","04/10/2012"
9720,"Traci Billings","MALE","10762 Strong Feather Canyon","10/21/2012"
3103,"Rick Bailey","FEMALE","86155 Calm Elk Race","07/28/2013"
8232,"John Martinez","MALE","27274 Clear Autumn Dell","05/15/2013"
9459,"John Pereira","FEMALE","97596 Big Nut Lagoon","02/23/2013"
9529,"Thomas Jordan","FEMALE","56666 Bent Quail Run","01/09/2013"
975,"Barbara Knox","FEMALE","31079 Sweet Nut Orchard","07/08/2013"
7632,"Roy Morris","MALE","199 Quaking Rock Glade","03/07/2013"
2571,"Rachel Horsley","FEMALE","16507 Still Beaver Mews","02/17/2013"
5971,"Eleanor Johnson","MALE","21618 Hazy Brook Way","04/30/2013"
1817,"Jason Wells","FEMALE","50995 Cozy Bird Glen","04/20/2013"
1277,"Lynda Sawyer","FEMALE","16913 Ivory Acorn Swale","05/09/2013"
346,"Martha Lemus","FEMALE","5256 Cool Chestnut Gate","07/12/2013"
8879,"Christiana Southern","MALE","24986 Windy Acorn Nook","09/23/2012"
2238,"Jason Schlemmer","MALE","1117 Sandy View Ledge","07/23/2013"
25,"Gregory Huff","FEMALE","6423 Hazy Prairie Canyon","04/25/2013"
6980,"Josefina Clark","FEMALE","1277 Ivory River Trek","08/27/2012"
6945,"Martha Brennan","FEMALE","48642 Cold Rabbit Drive","05/14/2013"
542,"Alexia Fisher","FEMALE","88111 Broad Berry Meadow","06/22/2013"
4688,"Alane Gonyea","MALE","11937 Lost Shadow Pass","07/05/2013"
7829,"Walter Jacques","MALE","90311 Velvet Log Ramble","05/31/2013"
1859,"Kara Caruso","FEMALE","7167 Hush Mountain Crest","06/08/2013"
9177,"Jerome Yee","FEMALE","12 Iron Willow Point","07/21/2013"
2423,"James Erickson","MALE","89422 Misty Turtle Court","04/17/2013"
6450,"Dawn Wyche","FEMALE","836 Tender View Park","06/30/2013"
1958,"Debra Caldwell","FEMALE","24221 Golden Beaver Bend","07/30/2013"
7477,"Paul Wiebe","FEMALE","10837 Silver Mill Glen","05/08/2013"
6775,"Loraine Wilson","FEMALE","30930 Turning Pebble Stead","06/21/2013"
4908,"Rudy Olin","FEMALE","78150 Rustic Mill Acres","07/31/2013"
2669,"Tamar Hayes","MALE","40501 Crimson Dale Rove","02/04/2013"
3353,"Brandon Baker","OTHER","152 Gentle Stone Summit","04/30/2013"
5231,"Lucille Marks","MALE","92720 Dusty Shadow Acres","07/01/2013"
4374,"Marc Wilcox","MALE","3416 Ivory Fox Trek","03/23/2013"
9815,"Gloria Davila","MALE","35160 Rocky Gate Swale","05/27/2013"
4796,"Rachel Amar","MALE","19309 Middle Deer Heights","07/15/2013"
4153,"Sharon Dawkins","FEMALE","94151 Easy Goose Field","04/26/2013"
9540,"Christopher Stevens","FEMALE","90883 Cool Swan Heights","05/09/2013"
3195,"Luther Odom","FEMALE","374 Silent Sky Orchard","03/01/2013"
7583,"Arnold Martinez","MALE","38392 Rough Crow Cut","07/31/2013"
7412,"Daniel Watson","FEMALE","93853 Gentle Snake Circle","07/13/2013"
3188,"John Siegel","OTHER","20230 Lost Butterfly Field","07/02/2013"
3587,"Cheryl Jones","FEMALE","87564 Fallen Elm Corner","07/05/2013"
1812,"Dorothy Schultz","FEMALE","19648 Harvest View Vale","07/20/2013"
5675,"Kevin Garza","FEMALE","77572 Merry Anchor Corner","05/06/2013"
4169,"Yvonne Riggins","FEMALE","855 Cinder Pebble Estates","07/14/2013"
5555,"Evelyn Arrington","FEMALE","389 Merry Treasure Glen","05/07/2013"
6180,"Alice Jordan","FEMALE","89574 Sandy Swan Pass","03/20/2013"
8933,"William Smith","OTHER","37152 Hush Oak Flats","04/21/2013"
9443,"Earl Stephens","MALE","42967 Calm Dove Bayou","04/03/2013"
2439,"Jeramy Sanchez","MALE","88175 Big Horse Dale","12/30/2012"
1213,"Christina Johnson","FEMALE","1127 Emerald Forest Park","06/09/2013"
5157,"Delores Jernigan","MALE","8916 Stony Beaver Glade","07/07/2013"
1622,"Richard Alvarez","FEMALE","438 Pied Crow Stroll","06/29/2013"
9959,"Sabrina Betancourt","MALE","12839 Honey Rabbit Court","06/20/2013"
6025,"William Miller","MALE","67735 Lost Island Estates","05/29/2013"
2081,"Horacio Nelson","MALE","23078 Long Horse Street","03/15/2013"
9376,"Donna Jones","FEMALE","6663 Silent Beacon Twist","06/20/2013"
2049,"Pete Rounds","FEMALE","13068 Quaint Panda Manor","05/27/2013"
1037,"Thelma Moore","FEMALE","18518 Sweet Bridge Highlands","05/30/2013"
8331,"Robert Wiley","MALE","42584 Old Creek Highlands","04/23/2013"
9698,"Susan Kromer","FEMALE","10257 Green Fox Field","02/14/2013"
5449,"Charles Johnson","FEMALE","91989 Quaint Chestnut Jetty","05/15/2013"
2375,"Jesus Rhodes","FEMALE","47528 Orange Forest Pike","06/29/2013"
3639,"Christy Brown","FEMALE","7784 Blue Beacon Terrace","05/14/2013"
205,"Wanda Beacham","FEMALE","997 Clear Axe Shoal","04/11/2013"
2680,"Richard Perez","FEMALE","3189 Pretty Nut View","07/19/2013"
8581,"George Goldman","MALE","87429 Golden Goat View","07/31/2013"
2620,"Tina Pixley","MALE","43232 Burning Acorn Crest","04/25/2013"
3930,"Gerald Rainey","MALE","1712 Crimson Quail Trek","06/09/2013"
8247,"Janet Hernandez","MALE","84418 Jagged Spring Glen","09/25/2012"
9227,"Art Taylor","MALE","25108 Tender Feather Lane","05/13/2013"
7107,"Tim Bustos","MALE","18092 Rocky Harbor Flats","07/08/2013"
7913,"Robert Orosco","FEMALE","54733 Tawny Mill Bluff","06/02/2013"
1580,"Catherine Stone","MALE","21924 Burning Holly Landing","02/20/2013"
3911,"Marie Clarke","FEMALE","22703 Pleasant Blossom Avenue","06/02/2013"
485,"Traci Scott","MALE","12668 Iron Crow Stroll","02/03/2013"
6692,"Leila Martinek","FEMALE","13854 Lost Mountain Promenade","08/02/2012"
4450,"Mark Gage","FEMALE","1580 Velvet Flower Shoal","07/10/2013"
7757,"Betty Torres","FEMALE","4102 Cotton Wagon Way","07/10/2013"
949,"Lillian Vasquez","MALE","48642 Happy Mountain Villa","03/14/2013"
9048,"Rachel Martin","FEMALE","11014 Cinder Acorn Ramble","07/06/2012"
6817,"Lela Mckee","FEMALE","1086 Honey Feather Knoll","03/18/2013"
6870,"Louise Shirk","FEMALE","62861 Umber Chestnut Arbor","05/31/2013"
1903,"Freddie Johnson","MALE","7331 Lost Axe Falls","03/06/2013"
9483,"Maurice Bailey","MALE","68243 Green Acorn Villa","07/04/2013"
6128,"Gene Soto","FEMALE","41074 Middle Anchor Shoal","04/05/2013"
3241,"Alexander Yates","FEMALE","23731 Still Apple Stead","12/20/2012"
162,"Adam Peters","FEMALE","25059 Dewy Feather Arbor","07/25/2013"
4819,"Mary Burnett","MALE","12440 White Apple Highlands","07/30/2012"
9786,"Mark Ramos","FEMALE","468 Calm River Crest","07/02/2013"
9587,"Frank Marrs","FEMALE","89903 Dusty Squirrel Isle","07/20/2013"
3543,"Charles Gay","MALE","48376 Dewy Robin Vale","01/02/2012"
9726,"Pearl Terrio","FEMALE","2778 Long Bear Gardens","06/08/2013"
1777,"Gloria Dodds","MALE","48214 Cinder Gate Saunter","06/30/2013"
138,"Carl Glenn","MALE","33110 Hazy Cloud Ledge","08/12/2012"
3600,"Ashly Staples","FEMALE","21687 Thunder Willow Bank","08/27/2012"
7677,"Melissa Stephens","FEMALE","1840 Strong Shadow Stroll","06/24/2013"
5908,"Patricia Moore","FEMALE","2139 Indian Barn Nook","06/21/2013"
3477,"Robert Lee","MALE","3673 Lone Blossom Highlands","07/11/2013"
9464,"Frank Padilla","MALE","177 Cotton Fox Niche","04/11/2013"
3131,"Audrey Few","FEMALE","5454 Quiet Beaver Bend","06/22/2013"
1607,"Randy Lerner","MALE","70411 Auburn Squirrel Canyon","07/18/2013"
4353,"Kevin Merchant","FEMALE","23049 Dewy Pond Place","06/30/2013"
9190,"Margaret Pope","FEMALE","87075 Birch Bear Rove","06/28/2013"
3887,"Hilda King","FEMALE","53432 Emerald Dale Dale","07/07/2013"
1496,"Esther Kilgore","FEMALE","76244 Cinder Bluff Jetty","06/26/2013"
118,"Doris Boyd","FEMALE","17481 Sandy Harbor Cut","03/03/2013"
3619,"Diane Garcia","FEMALE","61562 Pleasant Barn Corner","02/10/2013"
4267,"Joy Petree","FEMALE","4263 Still Pumpkin Dell","03/14/2013"
4617,"Charles Stringer","FEMALE","32728 Middle River Lace","06/24/2013"
9286,"Maria Stephenson","MALE","85829 Noble Rabbit Saunter","05/03/2013"
1156,"Susan Doucette","FEMALE","193 Red Dale Orchard","05/02/2013"
8299,"Rachael Watkins","FEMALE","23952 Windy Axe Crest","10/11/2012"
8034,"George Gonzalez","MALE","20354 Tender Pine Drive","07/06/2013"
6496,"Jan Rogers","MALE","77290 Foggy Rock Manor","07/31/2013"
6634,"Charles Hernandez","MALE","10380 Fallen Zephyr Valley","07/22/2013"
1592,"Lorraine Evans","MALE","23420 Honey Pine Villa","06/29/2013"
8370,"Mabel Redding","FEMALE","6162 Birch Sky Edge","07/09/2013"
9167,"Christopher Valadez","FEMALE","11496 Calm Crow Trace","02/22/2013"
4224,"Richard Scott","MALE","37747 Windy Maple Avenue","12/23/2012"
4717,"William Amburgey","MALE","5513 Orange Pebble Acres","04/12/2013"
2733,"George Salazar","MALE","379 Crimson Nest Pace","06/22/2013"
5135,"Donald Anderson","FEMALE","62507 Misty Lamb Canyon","05/21/2013"
5215,"Lennie Griggs","FEMALE","26004 Cozy Feather Promenade","07/28/2013"
1055,"Dennis Mcconnell","FEMALE","6346 Cotton Butterfly Shoal","07/07/2013"
1651,"Donnie Michael","FEMALE","33687 Ivory Squirrel Turn","07/10/2013"
9724,"Shelby Stevenson","MALE","53346 Orange Brook Park","07/04/2013"
8050,"Marie Ramirez","FEMALE","13452 Quaking Pebble Stroll","10/08/2012"
1389,"Paul Gladden","FEMALE","37460 Middle Deer Dale","06/27/2012"
3304,"Douglas Berry","FEMALE","46508 Harvest Crow Woods","07/18/2013"
9158,"Bryon Marple","MALE","7410 Calm Blossom Circle","11/11/2012"
6002,"Anthony Leonard","MALE","33500 Pleasant Bird Quay","09/28/2012"
8744,"Stephen Jessie","MALE","66160 Lost Autumn Flats","06/01/2013"
8605,"Angela Potter","MALE","93723 Silver Zephyr Corner","06/15/2013"
7357,"Sylvia Siler","MALE","57810 Silver Apple Alcove","03/09/2013"
4569,"Karen Carter","MALE","5083 Cozy Wagon Estates","06/14/2013"
493,"Sandra Kaya","MALE","15308 High Robin Glen","06/29/2013"
5642,"Catherine Watts","FEMALE","256 Auburn Diamond Chase","04/16/2013"
4012,"Jon Nelson","FEMALE","98208 Still Horse Way","06/20/2013"
6905,"Desiree Flowers","FEMALE","95459 Cold Butternut Haven","04/20/2013"
4434,"Charles Taylor","FEMALE","22561 High Cloud Trace","05/06/2013"
3660,"Bernadette Gettys","FEMALE","135 Calm Harbor Orchard","01/31/2013"
6663,"Alexander Green","FEMALE","14254 Bright Goose Trek","01/06/2013"
5428,"Amy Brady","FEMALE","11084 Pretty Forest Bend","07/22/2013"
1022,"Joseph Rose","MALE","97981 Quaint Robin Ramble","06/18/2013"
1914,"Danielle Diaz","MALE","5591 Broad Turtle Arbor","12/22/2012"
964,"James Gonzales","FEMALE","1210 Burning Prairie Cove","02/10/2013"
9907,"Jeffrey Nelson","FEMALE","28013 Pretty Quail Rove","07/20/2013"
9834,"Francis Orlowski","FEMALE","96618 Ivory Crow Point","12/23/2012"
3765,"Tyler Milne","FEMALE","74024 Indian Holly Alcove","02/02/2013"
8634,"Clifford Nguyen","FEMALE","47482 Crystal Rabbit Chase","06/01/2012"
2436,"Norman Falls","FEMALE","9103 Quaint Nut Valley","07/08/2013"
669,"Lauren Ellison","MALE","3888 Small Swan Pike","05/12/2013"
2435,"Carol Foster","MALE","301 Iron Leaf Vale","06/14/2013"
1535,"Douglas Knight","FEMALE","89430 Old Treasure Byway","04/25/2013"
1841,"Gary Trainor","MALE","81512 Middle Snake Court","03/11/2013"
6425,"Nathan Keels","MALE","4480 Silent Nut Lagoon","05/13/2013"
9608,"Steven Barnette","FEMALE","17803 Happy Hickory Nook","12/28/2012"
1528,"Angela Billings","MALE","27203 Quaking Cottage Vale","01/10/2013"
7042,"Matthew Martin","MALE","48453 Grand Bridge Vale","06/20/2013"
1514,"Tammy Williams","MALE","41379 Umber Bluff Cut","04/28/2013"
496,"Paul Gosney","MALE","1159 Honey Mill Promenade","07/18/2013"
5636,"Jeane Brouwer","FEMALE","716 Turning Bridge Woods","06/05/2013"
9034,"Robert Davenport","MALE","47436 Lost Anchor Gardens","02/12/2013"
3452,"Zachary Aguilar","MALE","4530 Stony Creek Byway","04/04/2013"
7147,"Thelma Fewell","MALE","240 Tawny Pine Street","07/26/2013"
995,"Iris Frank","FEMALE","52817 Iron Nectar Hollow","05/30/2013"
9621,"Patrick Oliver","FEMALE","18450 Turning River Quay","07/05/2013"
6265,"Carmen Moore","FEMALE","68718 Clear Anchor Nook","09/14/2012"
5024,"Louis Plata","MALE","96897 Small Prairie Orchard","07/30/2013"
7585,"Gary Dickey","MALE","18322 Lazy Gate Circle","12/12/2012"
535,"Robert Curtis","FEMALE","20282 Golden Snake Terrace","06/15/2013"
4827,"William Roberts","OTHER","261 Dusty Dove Falls","12/06/2011"
2200,"Robert Miller","MALE","25915 Rose Elk Niche","01/31/2013"
1801,"Jannie Mattson","MALE","2477 Fallen Lamb Hollow","06/15/2013"
1419,"Lori Jacobs","MALE","6354 Hush Spring Estates","07/29/2013"
4563,"Brian Ramirez","MALE","57731 High Beaver Isle","06/24/2013"
778,"Carrie Maldonado","MALE","28037 Middle Pony Field","06/15/2013"
4879,"Octavio Mccallister","FEMALE","87428 Rough Barn Pike","06/27/2013"
3698,"Zenaida Zapien","FEMALE","37606 Emerald Butterfly Race","02/26/2013"
4851,"Ralph Berry","MALE","7846 Lone Island Wander","05/15/2013"
2028,"Clifford Robinson","MALE","8 White Fawn View","11/30/2012"
8815,"William Bruce","FEMALE","20177 Strong Panda Landing","05/24/2013"
4383,"Harvey Watson","MALE","25102 Round Pebble Race","05/26/2013"
6866,"Lewis Dougherty","MALE","322 Sweet Acorn Vista","06/24/2013"
8597,"Olivia Ayala","FEMALE","17281 Turning Beacon Bayou","07/07/2013"
2330,"Linda Neece","MALE","93264 Old Nectar Byway","06/25/2013"
2189,"Carlos Powers","MALE","57798 Still Shadow Woods","06/21/2013"
2807,"Julie Mccracken","MALE","5177 Cool Peach Twist","02/27/2013"
5125,"Ramona Heckler","MALE","1726 Bent Oak Promenade","07/13/2013"
3402,"Otis Diaz","MALE","46557 Pleasant Dale Field","07/26/2013"
7737,"David Rich","MALE","94577 Pearl Embers Dale","06/17/2013"
5084,"Jacqueline Rizzo","MALE","14296 Bright Pony Ridge","06/29/2013"
5606,"Randi Brown","MALE","80921 Indian Harbor Pass","04/27/2013"
9682,"Robert Taylor","MALE","61804 Umber River Circle","03/19/2013"
886,"Parker Swanson","FEMALE","8826 Burning Branch Bayou","04/20/2013"
5228,"Sandra Hall","MALE","26212 Crystal Berry Run","07/28/2013"
8325,"James Brame","MALE","2117 Ivory Crow Ledge","07/17/2013"
8159,"Janet Cantu","FEMALE","37192 White Mountain Alcove","12/13/2012"
9069,"Anthony Parker","FEMALE","688 Old Pumpkin Pass","07/26/2013"
9401,"Jeanette Reynolds","FEMALE","33257 Fallen Acorn Bend","07/05/2013"
6120,"Yang Boyce","FEMALE","49272 Sweet Dove Trace","05/14/2013"
9876,"James Milligan","MALE","3504 Rose Panda Rove","07/27/2013"
562,"Joanne Faulk","MALE","49049 Umber Beaver Heights","01/06/2013"
2069,"Esther Eggleston","MALE","10372 Sunny Grove Dell","06/07/2013"
6393,"Ruth Silvia","MALE","96833 Cool Shadow Woods","07/04/2013"
4157,"Kenneth Brown","FEMALE","25982 Quiet View Stead","06/17/2013"
3813,"Sandra Thompson","FEMALE","45799 Still Oak Way","07/05/2013"
4328,"David Canfield","FEMALE","26353 Lone Rock Bluff","06/12/2012"
6183,"Jack Kron","FEMALE","30194 Easy Apple Stroll","07/13/2013"
6840,"Wanda Mowry","FEMALE","29427 Cotton Acorn Dale","04/23/2013"
5457,"Jimmy Marion","MALE","22573 Quaking Mill Hollow","05/09/2013"
8014,"Marion Jester","FEMALE","8384 Lonely Flower Highlands","06/16/2013"
7400,"William Guest","MALE","37 Velvet Mill Heights","07/23/2013"
8408,"Francisco Valles","MALE","17019 Windy Bluff Court","04/30/2013"
8171,"Lisa Hicks","FEMALE","52456 Turning Pony Wander","07/24/2013"
5024,"Donald Gift","FEMALE","4142 Thunder Log Rove","01/08/2013"
3191,"William Belair","MALE","29134 Iron Panda Bend","04/08/2013"
5002,"Sam Mullings","FEMALE","90568 Cotton Log Trek","06/29/2013"
52,"Ronald Richardson","FEMALE","11105 Grand Fox Race","07/30/2013"
8239,"Bette Sampson","FEMALE","83517 Silver Pumpkin Gardens","07/05/2013"
460,"Rene Mcneal","FEMALE","7661 Long Bluff View","07/27/2013"
2789,"Vivian Hoss","MALE","82000 White Rock Heights","01/04/2013"
9086,"James Baker","FEMALE","44299 Pretty Sky Way","06/19/2013"
985,"Warren Abernathy","FEMALE","44259 Rocky Cottage Park","04/11/2013"
1121,"Bridgett Wold","FEMALE","7416 Auburn Shadow Pass","11/23/2012"
344,"Willette Johnson","FEMALE","26887 Long Rise Ramble","06/25/2013"
6560,"Eric Best","FEMALE","78347 Square Treasure Point","07/22/2013"
2319,"Michael Wallace","MALE","88730 Lone Bridge Wander","06/18/2013"
9743,"Carol Vargas","MALE","13419 Pretty Flower Lane","03/04/2013"
7122,"Brian Gonzales","MALE","11749 Lost Brook Knoll","03/22/2013"
5899,"Sandra Gall","MALE","44829 Jagged Pioneer Shoal","06/10/2013"
5542,"Anastasia Langford","FEMALE","26880 High Fawn Jetty","07/06/2013"
4450,"Gloria Tsosie","MALE","1576 Foggy Zephyr Farms","05/08/2013"
3204,"Charles Williams","MALE","74585 Turning Cloud Edge","06/11/2013"
6331,"Carl Jennings","FEMALE","53447 Foggy Lamb Cut","10/25/2012"
3861,"Sandra Adair","FEMALE","93357 Misty Apple Nook","07/02/2013"
8493,"Jorge Smith","FEMALE","57283 Jagged Forest Glade","07/10/2013"
6403,"William Clement","FEMALE","2278 Twin Acorn Vista","05/22/2013"
6434,"Elizabeth Turcios","MALE","59218 Sunny Gate Stroll","07/11/2013"
3631,"Kim Kilgo","FEMALE","22933 High Beaver Drive","05/19/2013"
5768,"Susan Shipman","MALE","85018 Heather Castle Crest","10/16/2012"
9600,"Gladys Waddell","MALE","47771 Square Oak Promenade","07/28/2012"
607,"Kathy Sweeten","MALE","55912 Tender Goat Jetty","07/16/2013"
1717,"Tricia Carreno","MALE","21494 Dewy Chestnut Field","05/24/2013"
7870,"Rolando Vuong","MALE","10302 Hazy Castle Highlands","12/12/2012"
1006,"Keith Thome","FEMALE","5583 Honey Swan Terrace","03/15/2013"
2017,"Elnora Farmer","MALE","14514 Jagged Pond Trail","11/06/2012"
2025,"Rita Dee","MALE","38420 Pretty Snake Trace","03/19/2013"
5395,"Nancy Warren","FEMALE","21998 Round Barn Alcove","03/31/2013"
706,"Maria Ontiveros","MALE","62702 Auburn Leaf Manor","04/27/2013"
2235,"Robert Hudson","FEMALE","62023 Hidden Peach Flats","07/21/2013"
8525,"Allen Ostrom","FEMALE","83405 Small Cider Estates","07/18/2013"
8310,"Marilyn Tineo","FEMALE","31463 Honey Butternut Pace","06/27/2013"
275,"Adrian Fountain","MALE","2401 Lazy Goose Ridge","07/12/2013"
503,"Vera Perez","MALE","80934 Harvest Stone Way","06/13/2013"
4515,"Leslie Lopez","MALE","20264 Emerald Goose Edge","07/03/2013"
5424,"Salvatore Ducharme","MALE","26923 Lazy Gate Point","07/14/2013"
5692,"Anthony Brown","MALE","51921 Cozy Swan Gardens","07/18/2013"
4876,"Violet Barber","FEMALE","597 Hidden Snake Byway","07/06/2013"
6219,"Martha Paige","FEMALE","55819 Twin Elk Field","05/30/2013"
8750,"Frank Liddle","MALE","4690 Big Goat Glade","06/08/2013"
4063,"Ellen Pollard","MALE","70755 White Gate Summit","05/13/2013"
5361,"Travis Richardson","OTHER","11470 Sweet Crow Meadow","03/01/2013"
6221,"Myron Booher","MALE","52047 Happy Rock Trek","04/08/2013"
4096,"Joshua Pledger","MALE","63701 Stony Gate Rove","05/02/2013"
2769,"Doug Townsend","MALE","38595 Merry Grove Haven","07/10/2013"
4771,"Edward Hayworth","MALE","53229 Crystal Acorn Terrace","05/27/2013"
4,"Rita Rankin","MALE","13394 Still Goat Mews","06/30/2013"
9069,"Dawn Hicks","MALE","1107 Honey Sky Manor","04/01/2013"
6455,"Ashley Smith","MALE","42047 Round Snake Haven","04/30/2013"
6579,"Jessie Boyd","FEMALE","48905 Stony Shadow Isle","01/24/2013"
9523,"John Stock","FEMALE","31488 Lone Turtle Chase","07/09/2013"
538,"Jason Wesley","MALE","62747 Rough Quail Gardens","06/10/2013"
1878,"Chase Crossley","FEMALE","45791 Gentle Brook Bend","07/22/2013"
4531,"Donald Furtado","MALE","3894 Cozy Crow Lane","07/23/2013"
583,"Alexa Dyer","FEMALE","25474 Cotton Rabbit Trek","10/31/2012"
8587,"Tommy Sanon","FEMALE","1218 Silver Pond Ledge","06/29/2013"
4396,"Floyd Korhonen","MALE","2295 Jagged Hickory Meadow","05/22/2013"
590,"Thomas Galgano","MALE","54464 Happy Dale Journey","07/03/2013"
1703,"Peggy Patterson","FEMALE","12369 Small Harbor Chase","07/04/2013"
2218,"Tanya Mcfadden","FEMALE","73272 Dusty Rise Place","06/26/2013"
4902,"Michael Jackson","MALE","34504 Lost Forest Landing","04/15/2013"
5113,"Thomas Morrison","FEMALE","16739 Crystal Stone Place","07/31/2013"
473,"Beth Fink","FEMALE","64287 Sleepy Fawn Park","06/14/2013"
7374,"Melissa Duran","FEMALE","46681 Rough Robin Farms","03/20/2013"
4233,"Helen Reed","FEMALE","9122 Orange Peach Journey","04/08/2013"
3969,"Leo Hunt","FEMALE","232 Foggy Fox Trace","06/11/2013"
8516,"Ashley Westgate","MALE","9818 Hush Berry Ridge","07/13/2013"
4253,"Denice Sprague","FEMALE","41649 Sandy Shadow Trail","04/20/2013"
3731,"Rochelle Contreras","FEMALE","3539 Old Acorn Bluff","11/26/2012"
9414,"Brian Warner","MALE","93511 Easy Elk Trek","04/19/2013"
3625,"Beverly Leonard","FEMALE","92409 Dusty Treasure Path","12/05/2012"
1444,"Barbara Harrison","FEMALE","8408 Umber Brook Orchard","02/05/2013"
6209,"Kenneth Byrd","FEMALE","69671 Umber Mountain Heights","06/27/2013"
6339,"Monica Gendreau","MALE","17405 Twin Rock Drive","05/04/2013"
5365,"Justin Hudson","MALE","78850 Quiet Mill Edge","07/26/2013"
3968,"Donna Somerville","MALE","646 Strong Cloud Highlands","06/01/2013"
6754,"Glenda Green","MALE","506 Grand Pebble Flats","06/22/2013"
2065,"Edward Alley","MALE","13119 Auburn Robin Orchard","04/15/2013"
7530,"William Simmons","MALE","4694 Birch Acorn Niche","07/28/2013"
9077,"Joe Howard","FEMALE","57884 Cinder Nest Quay","05/16/2013"
1525,"Gladys Thomason","MALE","39625 Dewy Holly Heights","06/09/2013"
2777,"Laura Fancher","MALE","74697 Rose Brook Canyon","07/15/2013"
6933,"Rose Wilson","FEMALE","27842 Burning Berry Chase","02/21/2013"
7784,"Douglas Meurer","FEMALE","691 Auburn Pony Hollow","06/22/2013"
7580,"Leroy Santiago","MALE","6403 Broad Autumn Terrace","03/29/2013"
1232,"Jean Durrah","FEMALE","82657 Ivory Feather Bluff","07/24/2013"
2453,"Thelma Naylor","MALE","17631 Sweet Bridge Promenade","05/04/2013"
264,"Barbara Taylor","FEMALE","26292 Rose Wagon Mews","03/03/2013"
3549,"Francis Stalcup","FEMALE","2914 Turning Pony Place","04/29/2013"
6694,"Dale Pinkerton","MALE","59677 Tawny Snake Flats","01/31/2013"
7946,"Janna Kimbrel","FEMALE","48319 Big Flower Hollow","07/11/2013"
9238,"Shaun Brady","MALE","402 Umber Pebble Ridge","05/23/2013"
2181,"Donald Cunningham","FEMALE","160 Dusty Stone Heights","03/15/2013"
2398,"James Cudd","MALE","28307 Big Leaf Trail","07/07/2013"
4730,"Maxine Dery","MALE","5352 Quaint Diamond Landing","07/15/2013"
2372,"Luz Mitchell","MALE","3985 Dewy Panda Gate","04/20/2013"
6514,"Tina Robles","MALE","80559 Amber Goose Woods","05/10/2012"
8363,"Mary Miller","FEMALE","8346 Jagged Bridge Summit","06/30/2013"
8720,"Julianne Son","MALE","85012 Cotton Zephyr Stroll","04/21/2013"
3291,"Rebecca Wood","FEMALE","3165 Heather View Bank","05/07/2013"
5898,"Jean Jones","MALE","51855 Iron Elm Vale","06/22/2013"
6132,"Murray Pate","MALE","44311 Bright Timber Journey","05/16/2013"
5502,"Lee Anderson","OTHER","95935 Pied Bear Lace","05/11/2013"
6583,"Larry Massey","MALE","26836 Rocky Island Rove","06/22/2013"
2855,"Joanna Reynolds","MALE","19478 Grand Hickory Round","06/13/2013"
8327,"Troy Burton","MALE","16374 Quaking Bear Haven","07/21/2013"
1425,"Sandra Tally","MALE","3798 Square Wagon Valley","07/26/2013"
9483,"Jennifer Weatherspoon","MALE","6616 Harvest Island Alcove","07/14/2013"
4390,"Gregory Bazan","FEMALE","9584 Jagged Acorn Rove","07/30/2013"
3449,"John Brasfield","MALE","95865 Lazy Dale Landing","07/31/2013"
6373,"Corey Leblanc","FEMALE","611 Auburn Axe Summit","07/08/2013"
4470,"Jasmine Henry","FEMALE","81256 Dusty Dale Mews","11/02/2011"
7645,"David Pena","MALE","8786 Sweet Horse Knoll","05/25/2013"
816,"Robert Ferguson","FEMALE","70709 Big Timber Street","05/04/2013"
3235,"Antoine Moore","MALE","17273 Ivory Bear Gardens","07/21/2013"
9620,"Beatrice Jordan","FEMALE","60799 Quaking Quail Ramble","09/20/2012"
9252,"Alison Powell","FEMALE","73573 Dusty Spring Niche","05/14/2013"
3573,"Jessie Foley","MALE","87009 Burning Treasure Street","04/11/2013"
2687,"Julie Gutierrez","MALE","91720 Silent Rabbit Stead","05/14/2013"
9791,"Dora Fitzgerald","MALE","88657 Misty Peach Pass","07/24/2013"
4284,"Rosanne Peralta","MALE","49328 Honey Holly Crest","06/18/2013"
9319,"Curtis Gloria","MALE","96797 Gentle Deer Rove","02/11/2013"
3523,"Alicia Frew","FEMALE","25657 Velvet Rabbit Rove","04/06/2013"
1371,"Luis Buckner","MALE","23272 Broad Cloud Acres","06/08/2013"
843,"Misty Cole","MALE","14530 Auburn Willow Run","07/11/2013"
3890,"Robert Torres","FEMALE","4482 Jagged Harbor Jetty","06/05/2013"
2605,"Earnestine Brumbelow","FEMALE","7621 Shady Pony Park","07/13/2013"
6429,"Kathy Wines","OTHER","7080 Small Beacon Vale","01/16/2013"
3355,"Margie White","OTHER","47052 Dewy Leaf Grove","07/16/2013"
3224,"Jean Andrews","MALE","72800 Grand Goose Ramble","05/19/2013"
7735,"Nancy Bennett","MALE","86339 Quiet Feather Court","05/18/2013"
9177,"Ellen Marten","MALE","3818 Golden Dove Cut","07/27/2013"
2021,"Michael Pimental","FEMALE","60033 Crystal Crow Rove","06/17/2013"
7433,"Dianna Dunlap","FEMALE","8132 Crystal Acorn Journey","03/22/2013"
1752,"Joseph Silva","MALE","43498 Fallen Rock Place","06/14/2013"
1217,"Marilyn Rhodes","MALE","53331 High Dale Ramble","07/11/2013"
6032,"Charles Horton","FEMALE","97730 Grand Pumpkin Orchard","07/12/2013"
2458,"Linda Mummert","FEMALE","91998 Tender Axe Hollow","05/19/2013"
6611,"Santos Reece","FEMALE","73730 Windy Pine Drive","04/19/2013"
2073,"Fabian Nelson","MALE","29399 Heather Log Edge","07/01/2013"
2322,"Otis Peters","MALE","40105 Grand Apple Canyon","06/20/2013"
8214,"Glenn Buckner","FEMALE","4809 Grand Willow Shoal","06/30/2013"
8954,"Stacey Hughes","FEMALE","43405 Lazy Barn Jetty","06/21/2013"
7168,"Beverly Hollingsworth","MALE","35393 Blue Flower Haven","10/16/2012"
3219,"Lois Nelson","FEMALE","92138 Quiet Turtle Point","07/06/2013"
2095,"Fern Perkins","FEMALE","86999 Misty Wagon Road","09/12/2012"
4235,"Peter Lefebvre","FEMALE","98242 Gentle Lamb Trace","07/26/2013"
490,"William Engelke","FEMALE","83634 Dusty Beaver Meadow","04/25/2013"
3769,"Lynn Parrish","FEMALE","65 Long Elk Mews","10/13/2012"
3258,"Ann Robinson","MALE","16036 Round Sky Stead","06/11/2013"
9944,"Stephen Steiner","MALE","26473 Colonial Autumn Avenue","06/06/2013"
2773,"Miranda Jackson","FEMALE","0 Hidden Harbor Run","07/28/2013"
7391,"William Perkins","FEMALE","7708 Hush Dove Manor","06/15/2013"
5567,"Angelina Mcmillan","FEMALE","7021 Pretty Cottage Saunter","05/21/2013"
3559,"Geraldine Fox","FEMALE","33789 Thunder Stone Falls","05/22/2013"
8422,"Arnold Smith","FEMALE","7122 Dusty Grove Edge","02/16/2013"
2563,"Ashley Michalak","FEMALE","41372 Cotton Stone Lace","11/02/2012"
2308,"David Rennick","MALE","30243 Sunny Axe Mews","07/06/2013"
3327,"Mechelle Charlton","FEMALE","15 Lonely Elm Crest","06/08/2013"
7883,"Debra Manseau","MALE","68092 Bent Hills Trail","12/31/2011"
8044,"Jimmie Wilson","MALE","22296 Pretty Embers Pace","07/15/2013"
4134,"Elsie Michels","FEMALE","1172 Cool Brook Park","07/28/2013"
9973,"Chantelle Foster","MALE","22897 Lazy Leaf Pace","07/08/2013"
3059,"Patricia Bowler","MALE","86273 Pleasant Gate Avenue","01/01/2013"
8579,"Judy Dillon","MALE","20993 Hazy Rabbit Glade","02/20/2013"
690,"Andrew Wadsworth","MALE","49295 Windy Prairie Turn","03/22/2013"
8660,"Donn Gutierrez","FEMALE","25241 Bright Timber Road","06/21/2013"
2508,"Yadira Willey","MALE","628 Pretty Maple Point","04/15/2013"
7328,"Anthony Salazar","FEMALE","5907 Hush Pond Turn","04/11/2013"
7086,"Josephine Taylor","FEMALE","9685 High Panda Wander","11/26/2012"
9047,"Earl Ellis","MALE","48618 Burning Rabbit Path","05/27/2013"
6117,"Rachel Oreilly","MALE","21467 Indian Anchor Summit","07/12/2013"
1431,"Cecilia Hopkins","FEMALE","47382 Grand Nut Landing","07/04/2013"
2193,"Edward Woody","FEMALE","24252 Silent Butterfly Edge","07/07/2013"
5507,"Donald Walker","MALE","2909 Heather Goose Quay","07/23/2013"
6528,"Edith Green","MALE","1004 Silver Mill Nook","03/30/2013"
1205,"Jesse Hamilton","FEMALE","635 Green Autumn Jetty","12/23/2012"
2382,"Jimmy Watkins","MALE","2676 Cool Nut Trek","04/07/2013"
5168,"Aaron Frey","OTHER","5318 Rustic Lamb Flats","07/27/2013"
8059,"Jim Walters","MALE","16490 Cinder Prairie Avenue","11/19/2012"
3582,"Guillermo Oakes","FEMALE","4652 Umber Swan Quay","03/05/2013"
2194,"Thelma Woolley","OTHER","86644 Rustic View Estates","06/19/2013"
6565,"Man Janelle","MALE","35120 Merry Branch Saunter","05/09/2013"
8703,"Vincenza Alonzo","FEMALE","17119 Dewy Nest Glade","06/03/2013"
5891,"Curtis Cooper","MALE","24222 Cinder Rock Trek","04/27/2013"
3324,"Elizabeth Jacques","MALE","11678 Foggy Embers Nook","07/16/2013"
9644,"Cory Perkins","MALE","56548 Birch Flower Ridge","04/10/2013"
4992,"Adam King","FEMALE","9138 Honey Forest Summit","06/29/2013"
8007,"Hattie Thomas","MALE","50939 Clear Autumn Twist","07/16/2013"
5062,"Rigoberto Norris","OTHER","77635 Turning Pebble Cove","05/01/2013"
9759,"Stanley Columbus","MALE","82067 Umber View Landing","03/12/2013"
6557,"Billy Mckinney","MALE","8028 Pretty Pioneer Byway","07/05/2013"
7733,"Rebecca Kerns","FEMALE","69858 Silent Squirrel Byway","06/24/2013"
373,"Judith Wu","MALE","52834 Long Gate Glade","04/24/2013"
5467,"Clarence Miller","MALE","51915 Shady Fawn Trail","07/25/2013"
5880,"Gabriel Silverman","MALE","94354 Hazy Swan Court","05/07/2013"
9832,"Frank Richardson","FEMALE","5276 Lost Turtle Trace","06/15/2013"
5786,"Daniel Dibenedetto","MALE","36430 Pied Peach Acres","08/21/2012"
8188,"Jose Palmer","FEMALE","80330 Umber Peach Dell","07/08/2013"
3709,"Myron Rennick","OTHER","16892 Indian Bridge Grove","12/03/2012"
6662,"Mary Tansey","FEMALE","50843 Hazy View Orchard","03/04/2013"
234,"James Morton","OTHER","98080 Cozy Hickory Race","07/24/2013"
822,"Deanna Garnett","MALE","32044 Old Butterfly Dell","07/13/2013"
3971,"Julie Cruse","MALE","60740 Hidden Dove Trace","07/15/2013"
1765,"Tim Kelly","MALE","11263 Noble Spring Cut","01/18/2013"
2085,"Billy Holmes","MALE","36925 High Pine Landing","07/20/2013"
3798,"Katherine Glenn","MALE","42293 High Elm Drive","01/30/2013"
5143,"Kristie Davis","FEMALE","290 Burning Anchor Terrace","07/26/2013"
6760,"Clara James","MALE","22027 Happy Shadow Orchard","07/20/2013"
6014,"David Romano","MALE","30040 Twin Barn Path","07/17/2013"
2035,"Donald Williams","MALE","91753 Umber Lake Meadow","07/18/2013"
6547,"Tyrone Mcbride","MALE","75463 Crystal Bluff Mews","07/16/2013"
669,"Helen Mcdill","MALE","16705 Cinder Lake Ridge","02/12/2013"
4471,"Sergio Lilienthal","FEMALE","23334 Clear Maple Circle","09/01/2012"
6269,"Erma Mcelwee","FEMALE","98216 Cotton Shadow Bank","05/07/2013"
5961,"Rene Billings","MALE","58948 Dusty Barn Trace","05/14/2013"
1587,"Gabriella Greco","FEMALE","35000 Orange Acorn Estates","05/08/2013"
2193,"Raymond Coronado","MALE","24860 Broad Lamb Way","07/30/2013"
9327,"Scott Berlanga","FEMALE","76420 Hush Beaver Isle","06/05/2013"
5696,"Barbara Marple","FEMALE","68533 Iron Shadow Round","06/10/2013"
2592,"Delores Hawthorne","MALE","46960 Red Grove Chase","05/05/2013"
1377,"Jessie Baptiste","MALE","31821 Twin River Promenade","06/25/2013"
4023,"Mary Johnson","FEMALE","35044 Windy Dove Quay","07/19/2013"
8481,"Gretchen Belair","FEMALE","88262 Lone Nest Round","05/31/2013"
3450,"Elane Henry","FEMALE","10208 Sleepy Leaf Stroll","04/15/2013"
1346,"Anita Spinks","FEMALE","388 Pearl Goose Court","10/15/2012"
2123,"Clarence Swanson","MALE","92 Ivory Turtle Cut","02/28/2013"
8187,"Cathy Lerner","MALE","6 Old Beaver Byway","07/17/2013"
2272,"Johnetta Mcgarry","MALE","50996 High Creek Twist","04/02/2013"
7677,"Bo Poe","MALE","2351 Lonely Goose Estates","05/25/2013"
5534,"Ricky Dupree","MALE","27598 Twin Grove Pass","04/07/2013"
9701,"Christopher Drennon","MALE","72815 Middle Brook Pace","02/17/2013"
3963,"Lillian Lawson","FEMALE","51423 Lonely Harbor Hollow","05/09/2013"
3142,"Terry Copes","MALE","14184 Noble Berry Bluff","04/29/2013"
8722,"Clayton Finley","FEMALE","38989 White Harbor Avenue","01/16/2013"
328,"Ruth Mullins","MALE","62761 Indian Quail Farms","07/24/2013"
8215,"Jeremiah Guerra","MALE","45886 Fallen Grove Hollow","05/23/2013"
9446,"Donna Wright","FEMALE","89991 Crimson Shadow Twist","07/15/2013"
6263,"Kimberly Kirkpatrick","FEMALE","13768 Round Castle Pass","07/23/2013"
8462,"Brooks Robbins","FEMALE","61669 Easy Lamb Chase","07/18/2013"
4062,"Jan Taylor","FEMALE","17279 Little Pond Niche","01/28/2013"
8133,"Christopher Morton","MALE","94111 Jagged Elk Haven","07/05/2013"
1364,"Doris Hewitt","FEMALE","89456 Sweet Branch Dell","05/31/2013"
30,"Paul Wysocki","MALE","23661 Harvest Elm Villa","07/05/2013"
2506,"Dallas Gill","FEMALE","36075 Twin Pebble Vista","07/01/2013"
4695,"Joseph Richardson","MALE","27524 Hazy Panda Heights","01/23/2013"
6393,"Ella Sherman","MALE","49789 Lonely Hills Twist","06/06/2013"
9308,"David Via","MALE","272 Big Gate Run","01/17/2013"
7666,"Miriam Patton","FEMALE","31280 Harvest Flower Grove","02/05/2013"
326,"Matthew Williams","FEMALE","76907 Rose Swan Dell","07/12/2013"
6832,"Karen Graves","MALE","2966 Velvet Elm Cut","02/19/2013"
865,"Ernest Blake","FEMALE","38701 Calm Cottage Byway","10/05/2012"
8660,"Michael Henry","FEMALE","40036 Lost Rise Acres","04/30/2012"
187,"Robert Guerriero","FEMALE","8876 Indian Fox Place","06/24/2013"
7803,"William Schultz","FEMALE","4464 Quaint Lamb Journey","02/15/2013"
58,"Joe Picklesimer","FEMALE","12775 Long Dove Swale","01/20/2013"
7911,"Bernard Tipton","FEMALE","16015 Orange Shadow Dale","06/15/2013"
7859,"Eric Duff","MALE","949 Silent Crow Estates","05/15/2013"
629,"Derrick Boyce","FEMALE","79481 Velvet Lamb Bluff","06/03/2013"
8490,"Louise Hart","MALE","1544 Heather Swan Glen","06/18/2013"
4465,"Sherry Klock","MALE","22691 Rocky Butterfly Path","07/31/2013"
6730,"Sheila Mcgee","FEMALE","1988 Cotton Squirrel Villa","07/19/2013"
2039,"Karrie Rivera","MALE","66333 White Island Ledge","03/16/2013"
7743,"Monroe Williams","FEMALE","67880 Fallen Brook Haven","07/31/2013"
3391,"Joaquina Smith","FEMALE","28872 Square Oak Way","07/14/2013"
8019,"William Perez","OTHER","42900 Silent Goose Saunter","07/14/2013"
487,"Sandra Blanco","MALE","44183 Pearl Bluff Knoll","06/16/2013"
1733,"Elizabeth Ragland","MALE","18041 Lone Oak Valley","03/04/2013"
4740,"Kerry Jenkins","MALE","73528 Still Nectar Corner","07/03/2013"
9276,"Allan Moran","FEMALE","10652 Twin Fawn Round","07/01/2013"
3796,"Jeff Hernandez","FEMALE","81700 Hazy Anchor Court","06/07/2013"
4958,"Dorothy Wright","MALE","63312 Rustic Dale Lagoon","05/23/2013"
8428,"Tracy Smith","FEMALE","44525 Jagged Diamond Niche","06/06/2013"
7893,"Phyllis Hobbs","MALE","35540 Rough Pony Orchard","07/11/2013"
5855,"Roxana Wilson","FEMALE","2330 Tender Cottage Run","03/04/2013"
4364,"Georgette Blackburn","FEMALE","40307 Bright Goat Quay","06/14/2013"
6160,"Michael Harris","FEMALE","21627 Foggy Snake Summit","05/30/2013"
3762,"Gary Augustus","FEMALE","3141 Turning Deer Orchard","12/15/2012"
1408,"Scott Jackson","MALE","10837 Broad Swan Heights","09/27/2012"
5999,"David Laduke","FEMALE","6865 Iron Swan Lace","07/07/2013"
1283,"Veronica Hughes","MALE","66803 Rough Goat Drive","08/15/2012"
4991,"Michelle Magill","FEMALE","13367 Lost Blossom Park","07/03/2013"
6951,"Keith Waters","MALE","4637 Long Pioneer Wander","05/03/2013"
2903,"David Smith","MALE","29555 Windy Spring Race","01/12/2013"
4723,"Clayton Rivera","MALE","2326 Silent Bluff Turn","04/24/2013"
4436,"Dorothy Evans","OTHER","20013 Burning Gate Shoal","07/27/2012"
3938,"Anita Obanion","FEMALE","23600 Jagged Elm Niche","07/06/2013"
1160,"Gary Joyce","MALE","17235 Amber Apple Grove","04/29/2013"
6824,"Arlene Pena","MALE","9871 Lost Feather Street","06/23/2013"
6874,"Clifton Goss","MALE","1957 Gentle Mill Road","02/20/2013"
3869,"Ronald Jenkins","MALE","45649 Happy Berry Round","07/08/2013"
5486,"Laurel Oneill","MALE","28353 Broad Wagon Gate","04/22/2013"
2516,"Meghan Brown","MALE","56117 Broad Autumn Woods","05/31/2013"
321,"Heather Gehl","MALE","53593 Lone Deer Valley","04/22/2013"
7624,"Margaret Kincer","MALE","38833 Calm Blossom Path","04/25/2013"
2304,"Margaret Patin","FEMALE","71297 Rocky Island Point","04/23/2013"
9044,"Samuel Cook","FEMALE","10744 Clear Embers Stead","09/05/2012"
4853,"Elizabeth Morton","MALE","9513 Lone Butterfly Terrace","07/21/2013"
2772,"James Dever","MALE","47990 Rose Creek Avenue","05/15/2013"
3854,"Mandi Price","FEMALE","32070 Orange Willow Pace","06/04/2013"
5708,"Luis Shew","FEMALE","357 Rocky Pebble Corner","04/25/2013"
641,"Maria Williams","FEMALE","84342 Ivory Bridge Place","02/25/2013"
6136,"Lisa Crabtree","MALE","73291 Honey Goat Place","05/31/2013"
7458,"Theresa Sims","FEMALE","0 Heather Oak Isle","04/11/2013"
7987,"Patricia Brooks","FEMALE","24339 Happy Barn Valley","07/30/2013"
6142,"Brian Williamson","OTHER","81084 Emerald Diamond Arbor","07/07/2013"
8,"Annie Cross","FEMALE","6177 Shady Acorn Rove","02/01/2013"
3344,"Joseph Wright","OTHER","7968 Pearl Creek Wander","06/27/2013"
7848,"Janice Baker","FEMALE","18455 Harvest Harbor Trail","10/17/2012"
7439,"Shirley Rhodes","MALE","10185 Old Axe Bank","07/17/2013"
7635,"Melvin Beecham","MALE","30457 Heather Robin Gardens","03/25/2013"
4683,"Nita Grant","MALE","95937 Heather Branch Summit","05/06/2013"
83,"John Bland","FEMALE","5693 Cozy Rock Stead","07/14/2013"
2200,"Calvin Laughlin","FEMALE","1365 Strong Cottage Chase","07/29/2013"
8306,"Ralph Scott","OTHER","35812 Cinder Leaf Chase","06/03/2013"
4247,"Larry Barnett","MALE","471 Colonial Autumn Stroll","07/17/2013"
6140,"Diane Lucero","MALE","9131 Still Maple View","07/29/2013"
9803,"Thomas White","FEMALE","21487 Cotton Barn Bluff","09/21/2012"
9751,"Joan Daye","MALE","25734 Twin Willow Court","06/21/2013"
6083,"Debra Hutton","FEMALE","51976 Long Cloud Lagoon","07/05/2013"
5922,"Stephen Beavers","MALE","57707 Silent Treasure Court","06/29/2013"
3119,"Nathaniel Lee","MALE","974 Blue Hickory Bayou","02/17/2013"
4452,"Rose Poulos","FEMALE","6473 Twin Lake Haven","12/31/2012"
7655,"Vanessa Guzman","FEMALE","4811 Indian Deer Isle","03/22/2012"
4053,"Vanessa Mcdonald","FEMALE","84030 Sunny Treasure Corner","05/06/2013"
9014,"Dolores Graham","FEMALE","56303 Misty Pioneer Arbor","11/27/2012"
648,"Richard Benton","MALE","36265 Auburn Cloud Terrace","06/12/2013"
3811,"Roger Palmer","MALE","96733 Amber Fawn Flats","10/11/2012"
2275,"Patricia Neufeld","MALE","5239 Pleasant Horse Cove","05/04/2013"
3998,"Pearl Hanson","FEMALE","1139 Foggy Barn Gardens","04/13/2013"
7784,"Carolyn Garcia","FEMALE","3733 Jagged Forest Isle","02/23/2013"
570,"Yolanda Jones","FEMALE","62455 Silver Rabbit Path","02/15/2013"
6947,"Edward Harley","FEMALE","4874 Broad Dove Turn","06/17/2013"
3609,"Lillian Martinez","MALE","72048 Twin Leaf Trek","02/22/2013"
3449,"Olga Reynolds","MALE","5635 Big Rise Corner","07/03/2013"
6268,"Anamaria Gilliam","FEMALE","37352 Thunder Swan Bend","06/06/2013"
1839,"Matthew Salisbury","MALE","33204 Burning Peach Crest","07/19/2013"
2972,"Arnold Draper","FEMALE","17779 Little Diamond Circle","07/31/2013"
5556,"Regina Powell","FEMALE","15144 Auburn Shadow Way","07/03/2013"
7464,"Jamaal Barnes","FEMALE","21393 Cotton Anchor Lace","05/22/2013"
881,"Latonya Turner","FEMALE","30365 Lazy View Quay","07/29/2013"
101,"Alison Dowling","MALE","3531 Hazy Quail Pike","03/22/2013"
6838,"Karen Helms","FEMALE","74292 Still Branch Mews","07/21/2012"
3203,"Lilian Wright","FEMALE","6277 Colonial Shadow Court","02/08/2013"
8194,"Jennifer Thompson","MALE","1584 Umber Goose Wander","07/12/2013"
1319,"Pamela Perkins","FEMALE","3477 Jagged Beaver Round","07/21/2013"
8164,"Joel Steely","MALE","38191 Quaking Dale Highlands","05/21/2013"
7936,"Ellen Malone","FEMALE","41141 Small Cider Cut","07/29/2012"
5589,"Kent Martin","FEMALE","15786 Merry Lake Heights","05/04/2013"
4632,"Lance Wood","FEMALE","58626 Iron Stone Glen","04/09/2013"
9039,"Anna Franks","MALE","84303 Rose Nut Edge","06/25/2013"
9158,"Maria Hornberger","OTHER","10882 Round Turtle Gardens","04/04/2013"
6632,"Helen Behrens","FEMALE","6593 Red Forest Lace","07/18/2013"
3998,"Richard Palmer","FEMALE","438 Still Rock Summit","07/03/2013"
4751,"Maxine Donnelly","FEMALE","12432 Red Bear Lane","06/16/2013"
960,"Melissa Gil","MALE","14035 Rustic Acorn Manor","07/19/2013"
5586,"Gladys Schmitt","FEMALE","45014 Iron Mountain Canyon","04/15/2013"
3335,"Michael Ridgway","FEMALE","5678 Cotton Castle Shoal","05/30/2013"
1439,"Salvador Souza","MALE","39958 Old Gate Dell","11/25/2012"
2616,"Dorothy Kowalski","FEMALE","5186 Thunder Pony Path","07/26/2013"
4050,"Christopher Saldana","FEMALE","51756 Crystal Shadow Acres","12/03/2012"
432,"Donald Gonzalez","MALE","9360 Sunny Bird Mews","08/02/2012"
8985,"James Mayer","FEMALE","20767 Windy Lake Corner","05/06/2013"
7590,"Constance Murphy","FEMALE","63542 Strong Mountain Flats","06/05/2013"
1520,"Michael Carolina","MALE","30833 Misty Island Acres","05/24/2013"
6866,"Mark Wright","MALE","96699 Big Peach Stead","07/30/2013"
9826,"Thomas Black","MALE","1317 White Harbor Shoal","06/15/2012"
2423,"Donald Schmalz","MALE","7218 Merry Maple Arbor","07/31/2013"
5241,"Patricia Thomas","FEMALE","413 Grand Turtle Vista","06/28/2013"
8399,"Liz Bowers","FEMALE","45020 Crimson Creek Landing","06/21/2013"
7837,"William Tippett","MALE","65822 Rocky Harbor Way","07/28/2013"
8812,"Maureen Saville","FEMALE","91490 Old Nut Jetty","11/14/2012"
422,"Melissa Heilman","FEMALE","57121 Cozy Nest Round","03/31/2013"
7845,"Cordelia Dampier","MALE","21161 Quaking Pond Flats","05/21/2013"
2245,"Michael Harris","MALE","43927 Emerald Fox Promenade","05/03/2013"
2994,"Edwin Cooper","FEMALE","49464 Lost Rock Wander","09/17/2012"
2848,"Tara Arambula","FEMALE","56444 Lazy Feather Vale","07/15/2013"
1187,"Miranda Clark","FEMALE","8409 Big Swan Jetty","06/06/2013"
2617,"Kurt Shirley","MALE","33026 Lost Pumpkin Swale","02/18/2013"
8662,"Zina Miller","MALE","1140 Old Flower Shoal","05/08/2013"
863,"Rosalyn Haviland","MALE","17157 Calm Rabbit Wander","10/20/2012"
4854,"Donald Johnson","MALE","43346 Fallen Branch Lane","10/13/2012"
3342,"Sheryl Fountain","FEMALE","64726 Birch Grove Acres","01/31/2013"
4248,"Pamela Leach","FEMALE","61701 Clear Spring Vale","06/17/2013"
7138,"Kelly Thomas","FEMALE","39458 Cozy Castle Trek","07/09/2013"
7189,"Ashanti Morales","MALE","21253 Silver Brook Quay","10/02/2012"
8317,"Doris Mendoza","MALE","91312 Honey Pumpkin Summit","06/04/2013"
4762,"Laura Garcia","MALE","53249 Merry Pony Lane","07/23/2013"
5524,"Vivian Sharp","MALE","21651 Clear Peach Wander","06/29/2013"
7850,"Philip Ortiz","FEMALE","3107 Burning Elm Knoll","01/13/2013"
222,"Beaulah Ziegler","MALE","71965 Lost Turtle Arbor","06/01/2013"
4933,"Jason Carothers","FEMALE","16995 Lazy Zephyr Avenue","11/20/2012"
1849,"Patrick Cunningham","OTHER","56919 Hazy Spring Lagoon","07/16/2013"
2764,"Sandra Brady","FEMALE","71423 Thunder Goat Isle","02/28/2013"
1773,"Helen Cook","MALE","85601 Golden Rise Villa","02/14/2013"
2228,"Ernie Williams","FEMALE","11343 Easy Goose Cut","06/24/2013"
9367,"Joyce Berman","OTHER","15335 Cool Autumn Crest","01/12/2013"
286,"Donna Hope","FEMALE","85318 Emerald Grove Wander","04/22/2013"
6545,"Howard Stoltz","FEMALE","20457 Rose Branch Swale","07/25/2013"
3244,"Nichole Parrish","MALE","97321 Happy Spring Haven","01/30/2013"
7084,"Sue Johnston","MALE","54238 Quiet Quail Road","06/21/2013"
8995,"Elizabeth Carter","MALE","77945 Lone Robin Meadow","03/13/2013"
9729,"John Jones","MALE","38665 Quaint Acorn Bend","06/18/2013"
5485,"Antonio Peterson","MALE","75879 Orange Forest Rove","04/23/2013"
9111,"Sarah Wilder","MALE","62797 High Nest Glen","07/01/2013"
899,"Ashley Yee","FEMALE","10240 Lazy Fawn Lace","06/14/2013"
2205,"Noel Wayman","FEMALE","71897 Turning Pumpkin Wander","03/25/2013"
6413,"Gladys Roman","MALE","44205 Grand Snake Quay","07/17/2013"
580,"Robert Alvarado","FEMALE","67 Colonial Prairie Dale","06/02/2013"
1009,"Lina Mayfield","MALE","19748 Grand Wagon Shoal","03/26/2013"
2029,"Luis Digregorio","MALE","837 Green Leaf Meadow","06/08/2013"
6187,"Kay Swanson","FEMALE","73 Sleepy Nest Field","07/05/2013"
6946,"Matthew Goodwin","FEMALE","169 Golden Island Mews","03/29/2013"
6068,"Dean Campbell","FEMALE","52536 Red Zephyr Estates","05/26/2013"
4411,"Beverly Leger","MALE","9720 Middle Rock Swale","04/28/2013"
6244,"Alfred Brown","MALE","12905 Windy Brook Grove","05/30/2013"
2529,"Leslie Pedersen","FEMALE","848 Lonely Quail Dell","02/23/2013"
7284,"Edward Young","FEMALE","24707 Bright Pine Circle","04/10/2013"
4582,"Eric Maul","FEMALE","6548 Bright Robin Alcove","04/23/2013"
5913,"John Arvizu","FEMALE","46105 Ivory Snake Turn","06/07/2013"
8961,"Archie Williams","MALE","29479 Iron Pioneer Heights","05/13/2013"
2707,"Mike Cox","MALE","43446 Hush Sky Isle","04/07/2013"
3497,"Benton Troxler","FEMALE","63904 Pied Horse Shoal","04/19/2013"
3908,"Bobbi Hudgens","FEMALE","43529 Sweet Rise Stead","07/21/2013"
7909,"Norma Knight","MALE","12116 Heather Flower Acres","06/20/2013"
393,"Leonard Willett","MALE","82051 Crystal Swan Quay","05/01/2013"
7530,"Susan Matney","MALE","7917 Hazy Bridge Drive","12/15/2012"
9782,"Kevin Angle","FEMALE","30472 Burning Shadow Cove","06/23/2013"
9484,"Donald Rene","MALE","1747 Iron Deer Trek","07/26/2013"
1104,"Amy Guzman","MALE","23794 Hidden Deer Knoll","04/04/2013"
8874,"Pamela Ramage","FEMALE","18238 Jagged Shadow Grove","01/05/2013"
2017,"Richard Robles","FEMALE","52495 Lost Willow Hollow","05/09/2013"
5059,"Steve Holmes","FEMALE","61104 Lonely Grove Way","04/03/2013"
2410,"Gerald Courts","FEMALE","88175 Rustic Gate View","06/16/2013"
3038,"Andrea Peck","MALE","31840 Lost Turtle Highlands","07/04/2013"
2726,"Donald Higginbotham","MALE","34504 Clear Elk Gate","07/20/2013"
4859,"Carmen Thomas","FEMALE","3791 Fallen Horse Drive","05/05/2013"
5747,"Dale Gay","FEMALE","81610 Orange Maple Drive","10/03/2012"
5949,"William Broadwater","FEMALE","7201 Misty Apple Orchard","07/22/2013"
9285,"David Hughes","MALE","28134 Amber River Crest","04/03/2013"
1883,"Roman Heiman","MALE","4133 Sweet Lamb Trace","05/02/2013"
7854,"Constance Broom","FEMALE","61459 Heather Apple Saunter","05/27/2013"
2329,"May Thames","MALE","22132 Round Willow Lagoon","05/30/2013"
9140,"Joyce Best","FEMALE","15695 Cinder Feather Road","06/14/2013"
2509,"Rodney Oneil","MALE","42278 Golden Elm Circle","07/28/2013"
5675,"Marilyn Haley","MALE","31947 Cold Cloud Swale","02/28/2013"
2730,"Joseph Mendoza","MALE","2212 Calm Goose Court","06/22/2013"
8472,"Brenda Lewis","FEMALE","30151 Emerald Lamb Grove","08/07/2012"
517,"Michael Boardman","FEMALE","47843 Middle Blossom Highlands","06/20/2013"
5114,"Tabatha Dixon","MALE","19206 Twin Hills Glade","02/02/2013"
5666,"John Harmon","MALE","5229 Thunder Lake Landing","03/24/2013"
6319,"Matthew Woods","FEMALE","76132 Long Pony Race","07/18/2013"
1344,"Johnny Johnson","MALE","5928 Crystal Butternut Swale","02/03/2013"
6679,"Judy Starks","MALE","36769 Burning Pony Vista","04/22/2013"
8714,"Lori Buckman","MALE","660 Lazy Beaver Street","01/05/2013"
5488,"Gwen Littrell","FEMALE","44687 Foggy Branch Stead","04/08/2013"
231,"John Miles","MALE","33337 Blue Beaver Falls","04/29/2013"
5059,"James Grizzle","FEMALE","33358 Noble Acorn Haven","07/24/2013"
9943,"Patty Schmidt","FEMALE","99919 Lost Wagon Path","06/03/2013"
4210,"Judy Hall","MALE","4330 Indian Butternut Circle","06/02/2013"
5297,"Amy Hart","MALE","11 Orange Hills Trace","06/16/2013"
6653,"Dorothy Simmons","MALE","24843 Cinder Pond Isle","06/27/2013"
3384,"Andres Yamaguchi","FEMALE","10506 Quiet Turtle Trace","06/06/2013"
5785,"Peggy Cuevas","MALE","63327 Harvest Oak Rove","05/08/2013"
5265,"Robert Yanez","MALE","3575 Honey Rock Stead","06/19/2013"
8938,"Kenneth Apodaca","MALE","54487 Red Flower Meadow","07/18/2013"
4542,"Curtis Schaefer","FEMALE","11958 Dusty Pine Race","05/12/2013"
5815,"Matthew Delgado","MALE","564 Cozy Creek Knoll","12/10/2012"
3867,"Laura Fitchett","FEMALE","51814 Foggy Mill Glen","07/12/2013"
2624,"Lula Johnson","MALE","51521 Happy Cloud Glen","07/28/2013"
3624,"Sean Cousins","MALE","88623 Heather Blossom Corner","05/31/2013"
154,"Samuel Meadows","MALE","5277 Burning Bluff Nook","04/23/2013"
4373,"Beverly Williams","MALE","10251 Cold Nest Gardens","05/12/2013"
9765,"Betty Minor","MALE","7369 Pretty Leaf Ledge","03/27/2013"
9472,"Harold Flores","MALE","54 Rough Prairie Woods","05/15/2013"
6302,"Rose Patterson","FEMALE","3000 Crimson Berry Farms","07/26/2013"
5645,"Lydia Epps","FEMALE","49 Easy Nectar Canyon","01/20/2013"
8399,"Celia Ash","MALE","30164 Pretty Bird Estates","03/20/2013"
5634,"Carlton Bailes","FEMALE","92551 Round Bridge Stroll","06/05/2013"
